player_id,year,yards,tds,att,comp,playoff_games,playoff_wins,pb_games,max_wins
AikmTr00,1989,1749,9,293,155,0,0,0,11
AikmTr00,1990,4328,20,692,381,0,0,0,11
AikmTr00,1991,7082,31,1055,618,0,0,1,11
AikmTr00,1992,10527,54,1528,920,3,3,2,11
AikmTr00,1993,13627,69,1920,1191,6,6,3,11
AikmTr00,1994,16303,82,2281,1424,8,7,4,11
AikmTr00,1995,19607,98,2713,1704,11,10,5,11
AikmTr00,1996,22733,110,3178,2000,13,11,6,11
AikmTr00,1997,26016,129,3696,2292,13,11,6,11
AikmTr00,1998,28346,141,4011,2479,14,11,6,11
AikmTr00,1999,31310,158,4453,2742,15,11,6,11
AikmTr00,2000,32942,165,4715,2898,15,11,6,11
AlleJo02,2018,2074,10,320,169,0,0,0,3
AlleJo02,2019,5163,30,781,440,1,0,0,3
AlleJo02,2020,9707,67,1353,836,4,2,1,3
AlleJo02,2021,14114,103,1999,1245,6,3,2,3
AndeKe00,1971,777,5,131,72,0,0,0,2
AndeKe00,1972,2695,12,432,243,0,0,0,2
AndeKe00,1973,5123,30,761,422,1,0,0,2
AndeKe00,1974,7790,48,1089,635,1,0,0,2
AndeKe00,1975,10959,69,1466,863,2,0,1,2
AndeKe00,1976,13326,88,1804,1042,2,0,2,2
AndeKe00,1977,15471,99,2127,1208,2,0,2,2
AndeKe00,1978,17690,109,2446,1381,2,0,2,2
AndeKe00,1979,20030,125,2785,1570,2,0,2,2
AndeKe00,1980,21808,131,3060,1736,2,0,2,2
AndeKe00,1981,25562,160,3539,2036,5,2,3,2
AndeKe00,1982,28057,172,3848,2254,6,2,4,2
AndeKe00,1983,30390,184,4145,2452,6,2,4,2
AndeKe00,1984,32497,194,4420,2627,6,2,4,2
AndeKe00,1985,32667,196,4452,2643,6,2,4,2
AndeKe00,1986,32838,197,4475,2654,6,2,4,2
BartSt00,1975,1662,13,255,115,0,0,0,1
BartSt00,1976,2339,15,375,172,0,0,0,1
BartSt00,1977,3135,20,511,236,0,0,0,1
BartSt00,1978,5624,30,880,423,2,1,0,1
BartSt00,1979,8129,47,1260,627,2,1,0,1
BartSt00,1980,11673,78,1723,884,3,1,1,1
BartSt00,1981,15502,108,2256,1181,3,1,2,1
BartSt00,1982,17407,116,2518,1347,4,1,2,1
BartSt00,1983,20574,138,2950,1621,4,1,2,1
BartSt00,1984,22732,149,3219,1802,4,1,2,1
BartSt00,1985,23470,154,3330,1871,4,1,2,1
BartSt00,1986,24124,156,3456,1932,4,1,2,1
BeueSt00,1988,1643,8,238,105,0,0,0,1
BeueSt00,1989,3320,21,455,213,0,0,0,1
BeueSt00,1990,3320,21,455,213,0,0,0,1
BeueSt00,1991,4229,26,592,281,2,1,0,1
BeueSt00,1992,4381,26,610,293,2,1,0,1
BeueSt00,1993,7545,44,1028,551,2,1,0,1
BeueSt00,1994,9090,49,1283,681,2,1,0,1
BeueSt00,1995,10042,53,1425,752,2,1,0,1
BeueSt00,1996,10921,61,1548,821,2,1,0,1
BeueSt00,1997,11953,67,1701,910,2,1,0,1
BeueSt00,1998,14566,84,2044,1126,2,1,0,1
BeueSt00,1999,19002,120,2615,1469,2,1,1,1
BeueSt00,2000,22732,139,3148,1793,2,1,1,1
BeueSt00,2001,22732,139,3148,1793,2,1,1,1
BeueSt00,2002,23657,145,3265,1861,2,1,1,1
BeueSt00,2003,24046,147,3328,1894,2,1,1,1
BledDr00,1993,2494,15,429,214,0,0,0,3
BledDr00,1994,7049,40,1120,614,1,0,1,3
BledDr00,1995,10556,53,1756,937,1,0,1,3
BledDr00,1996,14642,80,2379,1310,4,2,2,3
BledDr00,1997,18348,108,2901,1624,6,3,3,3
BledDr00,1998,21981,128,3382,1887,6,3,3,3
BledDr00,1999,25966,147,3921,2192,6,3,3,3
BledDr00,2000,29257,164,4452,2504,6,3,3,3
BledDr00,2001,29657,166,4518,2544,6,3,3,3
BledDr00,2002,34016,190,5128,2919,6,3,4,3
BledDr00,2003,36876,201,5599,3193,6,3,4,3
BledDr00,2004,39808,221,6049,3449,6,3,4,3
BledDr00,2005,43447,244,6548,3749,6,3,4,3
BledDr00,2006,44611,251,6717,3839,6,3,4,3
BortBl00,2014,2908,11,475,280,0,0,0,2
BortBl00,2015,7336,46,1081,635,0,0,0,2
BortBl00,2016,11241,69,1706,1003,0,0,0,2
BortBl00,2017,14928,90,2229,1318,3,2,0,2
BortBl00,2018,17646,103,2632,1561,3,2,0,2
BortBl00,2019,17649,103,2634,1562,3,2,0,2
BradTe00,1970,1410,6,218,83,0,0,0,14
BradTe00,1971,3669,19,591,286,0,0,0,14
BradTe00,1972,5556,31,899,433,2,1,0,14
BradTe00,1973,6739,41,1079,522,3,1,0,14
BradTe00,1974,7524,48,1227,589,6,4,0,14
BradTe00,1975,9579,66,1513,754,9,7,1,14
BradTe00,1976,10756,76,1705,846,11,8,1,14
BradTe00,1977,13279,93,2019,1008,12,8,1,14
BradTe00,1978,16194,121,2387,1215,15,11,2,14
BradTe00,1979,19918,147,2859,1474,18,14,3,14
BradTe00,1980,23257,171,3283,1692,18,14,3,14
BradTe00,1981,26144,193,3653,1893,18,14,3,14
BradTe00,1982,27912,210,3893,2020,19,14,3,14
BradTe00,1983,27989,212,3901,2025,19,14,3,14
BradTo00,2000,6,0,3,1,0,0,0,35
BradTo00,2001,2849,18,416,265,3,3,1,35
BradTo00,2002,6613,46,1017,638,3,3,1,35
BradTo00,2003,10233,69,1544,955,6,6,1,35
BradTo00,2004,13925,97,2018,1243,9,9,2,35
BradTo00,2005,18035,123,2548,1577,11,10,3,35
BradTo00,2006,21564,147,3064,1896,14,12,3,35
BradTo00,2007,26370,197,3642,2294,17,14,4,35
BradTo00,2008,26446,197,3653,2301,17,14,4,35
BradTo00,2009,30844,225,4218,2672,18,14,5,35
BradTo00,2010,34744,261,4710,2996,19,14,6,35
BradTo00,2011,39979,300,5321,3397,22,16,7,35
BradTo00,2012,44806,334,5958,3798,24,17,8,35
BradTo00,2013,49149,359,6586,4178,26,18,9,35
BradTo00,2014,53258,392,7168,4551,29,21,10,35
BradTo00,2015,58028,428,7792,4953,31,22,11,35
BradTo00,2016,61582,456,8224,5244,34,25,12,35
BradTo00,2017,66159,488,8805,5629,37,27,13,35
BradTo00,2018,70514,517,9375,6004,40,30,14,35
BradTo00,2019,74571,541,9988,6377,41,30,14,35
BradTo00,2020,79204,581,10598,6778,45,34,14,35
BradTo00,2021,84520,624,11317,7263,47,35,15,35
BreeDr00,2001,221,1,27,15,0,0,0,9
BreeDr00,2002,3505,18,553,335,0,0,0,9
BreeDr00,2003,5613,29,909,540,0,0,0,9
BreeDr00,2004,8772,56,1309,802,1,0,1,9
BreeDr00,2005,12348,80,1809,1125,1,0,1,9
BreeDr00,2006,16766,106,2363,1481,3,1,2,9
BreeDr00,2007,21189,134,3015,1921,3,1,2,9
BreeDr00,2008,26258,168,3650,2334,3,1,3,9
BreeDr00,2009,30646,202,4164,2697,6,4,4,9
BreeDr00,2010,35266,235,4822,3145,7,4,5,9
BreeDr00,2011,40742,281,5479,3613,9,5,6,9
BreeDr00,2012,45919,324,6149,4035,9,5,7,9
BreeDr00,2013,51081,363,6799,4481,11,6,8,9
BreeDr00,2014,56033,396,7458,4937,11,6,9,9
BreeDr00,2015,60903,428,8085,5365,11,6,9,9
BreeDr00,2016,66111,465,8758,5836,11,6,10,9
BreeDr00,2017,70445,488,9294,6222,13,7,11,9
BreeDr00,2018,74437,520,9783,6586,15,8,12,9
BreeDr00,2019,77416,547,10161,6867,16,8,13,9
BreeDr00,2020,80358,571,10551,7142,18,9,13,9
BrisBu00,1986,291,0,60,21,0,0,0,1
BrisBu00,1987,311,0,72,25,0,0,0,1
BrisBu00,1988,2945,11,442,200,0,0,0,1
BrisBu00,1989,5310,20,784,387,2,1,0,1
BrisBu00,1990,8035,40,1171,610,2,1,0,1
BrisBu00,1991,9385,49,1361,713,2,1,0,1
BrisBu00,1992,10104,51,1477,776,2,1,0,1
BrisBu00,1993,12009,65,1786,957,2,1,0,1
BrisBu00,1994,12516,67,1862,1008,2,1,0,1
BrisBu00,1995,13242,71,2032,1101,2,1,0,1
BrisBu00,1996,13242,71,2032,1101,2,1,0,1
BrisBu00,1997,13290,71,2041,1107,2,1,0,1
BrisBu00,1998,14276,81,2172,1185,2,1,0,1
BrisBu00,1999,14363,81,2192,1197,2,1,0,1
BrisBu00,2000,14445,81,2212,1207,2,1,0,1
BrodJo00,1957,160,2,21,11,0,0,0,2
BrodJo00,1958,1384,8,193,114,0,0,0,2
BrodJo00,1959,1738,10,257,144,0,0,0,2
BrodJo00,1960,2849,16,464,247,0,0,0,2
BrodJo00,1961,5437,30,747,402,0,0,0,2
BrodJo00,1962,7709,48,1051,577,0,0,0,2
BrodJo00,1963,8076,51,1112,607,0,0,0,2
BrodJo00,1964,10574,65,1504,800,0,0,0,2
BrodJo00,1965,13686,95,1895,1042,0,0,1,2
BrodJo00,1966,16496,111,2322,1274,0,0,1,2
BrodJo00,1967,18509,122,2671,1442,0,0,1,2
BrodJo00,1968,21529,144,3075,1676,0,0,1,2
BrodJo00,1969,23934,160,3422,1870,0,0,1,2
BrodJo00,1970,26875,184,3800,2093,2,1,2,2
BrodJo00,1971,29517,202,4187,2301,4,2,2,2
BrodJo00,1972,30422,211,4297,2371,5,2,2,2
BrodJo00,1973,31548,214,4491,2469,5,2,2,2
BrooAa00,2000,1514,9,194,113,2,1,0,1
BrooAa00,2001,5346,35,752,425,2,1,0,1
BrooAa00,2002,8918,62,1280,708,2,1,0,1
BrooAa00,2003,12464,86,1798,1014,2,1,0,1
BrooAa00,2004,16274,107,2340,1323,2,1,0,1
BrooAa00,2005,19156,120,2771,1563,2,1,0,1
BrooAa00,2006,20261,123,2963,1673,2,1,0,1
BrunMa00,1994,95,0,27,12,0,0,0,5
BrunMa00,1995,2263,15,373,213,0,0,0,5
BrunMa00,1996,6630,34,930,566,3,2,1,5
BrunMa00,1997,9911,52,1365,830,4,2,2,5
BrunMa00,1998,12512,72,1719,1038,6,3,2,5
BrunMa00,1999,15572,86,2160,1297,8,4,3,5
BrunMa00,2000,19212,106,2672,1608,8,4,3,5
BrunMa00,2001,22521,125,3145,1897,8,4,3,5
BrunMa00,2002,25309,142,3561,2142,8,4,3,5
BrunMa00,2003,25793,144,3643,2196,8,4,3,5
BrunMa00,2004,26987,151,3880,2314,8,4,3,5
BrunMa00,2005,30037,174,4334,2576,10,5,3,5
BrunMa00,2006,31826,182,4594,2738,10,5,3,5
BrunMa00,2007,31826,182,4594,2738,10,5,3,5
BrunMa00,2008,31826,182,4594,2738,10,5,3,5
BrunMa00,2009,31928,182,4624,2753,10,5,3,5
BrunMa00,2010,32045,184,4637,2760,10,5,3,5
BrunMa00,2011,32072,184,4640,2761,10,5,3,5
BrunSc00,1980,610,4,112,52,0,0,0,1
BrunSc00,1981,1588,9,302,131,2,1,0,1
BrunSc00,1982,3605,19,600,292,2,1,0,1
BrunSc00,1983,6121,28,986,482,2,1,0,1
BrunSc00,1984,6121,28,986,482,2,1,0,1
BrunSc00,1985,6457,29,1046,512,2,1,0,1
BulgMa00,2002,1826,14,214,138,0,0,0,1
BulgMa00,2003,5671,36,746,474,1,0,1,1
BulgMa00,2004,9635,57,1231,795,3,1,1,1
BulgMa00,2005,11932,71,1518,987,3,1,1,1
BulgMa00,2006,16233,95,2106,1357,3,1,2,1
BulgMa00,2007,18625,106,2484,1578,3,1,2,1
BulgMa00,2008,21345,117,2924,1829,3,1,2,1
BulgMa00,2009,22814,122,3171,1969,3,1,2,1
BurrJo01,2020,2688,13,404,264,0,0,0,3
BurrJo01,2021,7299,47,924,630,3,3,0,3
ChanCh00,1988,1619,8,233,129,0,0,0,2
ChanCh00,1989,2156,10,313,168,0,0,0,2
ChanCh00,1990,2620,11,396,210,0,0,0,2
ChanCh00,1991,3466,16,550,288,0,0,0,2
ChanCh00,1992,6298,31,963,533,0,0,0,2
ChanCh00,1993,6769,34,1066,585,0,0,0,2
ChanCh00,1994,8121,41,1242,693,0,0,0,2
ChanCh00,1995,10581,58,1598,918,0,0,0,2
ChanCh00,1996,12680,74,1918,1102,0,0,0,2
ChanCh00,1997,15372,94,2260,1304,0,0,1,2
ChanCh00,1998,18526,119,2587,1494,3,2,2,2
ChanCh00,1999,20865,135,2894,1668,3,2,2,2
ChanCh00,2000,23101,145,3225,1860,3,2,2,2
ChanCh00,2001,25948,161,3590,2083,3,2,2,2
ChanCh00,2002,26971,165,3751,2186,3,2,2,2
ChanCh00,2003,28021,168,3943,2293,3,2,2,2
ChanCh00,2004,28484,170,4005,2328,3,2,2,2
CollKe00,1995,2717,14,433,214,0,0,0,3
CollKe00,1996,5171,28,797,418,2,1,1,3
CollKe00,1997,7295,39,1178,618,2,1,1,3
CollKe00,1998,9508,51,1531,788,2,1,1,3
CollKe00,1999,11826,59,1862,978,2,1,1,3
CollKe00,2000,15436,81,2391,1289,5,3,1,3
CollKe00,2001,19200,100,2959,1616,5,3,1,3
CollKe00,2002,23273,119,3504,1951,6,3,1,3
CollKe00,2003,26383,132,4004,2235,6,3,1,3
CollKe00,2004,29878,153,4517,2524,6,3,1,3
CollKe00,2005,33637,173,5082,2826,6,3,1,3
CollKe00,2006,34186,174,5172,2868,6,3,1,3
CollKe00,2007,34717,174,5254,2918,6,3,1,3
CollKe00,2008,37393,186,5669,3160,7,3,2,3
CollKe00,2009,38618,192,5885,3279,7,3,2,3
CollKe00,2010,40441,206,6163,3439,7,3,2,3
CollKe00,2011,40922,208,6261,3487,7,3,2,3
CousKi00,2012,466,4,48,33,0,0,0,1
CousKi00,2013,1320,8,203,114,0,0,0,1
CousKi00,2014,3030,18,407,240,0,0,0,1
CousKi00,2015,7196,47,950,619,1,0,0,1
CousKi00,2016,12113,72,1556,1025,1,0,1,1
CousKi00,2017,16206,99,2096,1372,1,0,1,1
CousKi00,2018,20504,129,2702,1797,1,0,1,1
CousKi00,2019,24107,155,3146,2104,3,1,2,1
CousKi00,2020,28372,190,3662,2453,3,1,2,1
CousKi00,2021,32593,223,4223,2825,3,1,3,1
CulpDa00,2000,3937,33,474,297,2,1,1,2
CulpDa00,2001,6549,47,840,532,2,1,1,2
CulpDa00,2002,10402,65,1389,865,2,1,1,2
CulpDa00,2003,13881,90,1843,1160,2,1,2,2
CulpDa00,2004,18598,129,2391,1539,4,2,3,2
CulpDa00,2005,20162,135,2607,1678,4,2,3,2
CulpDa00,2006,21091,137,2741,1759,4,2,3,2
CulpDa00,2007,22422,142,2927,1867,4,2,3,2
CulpDa00,2008,23208,146,3042,1927,4,2,3,2
CulpDa00,2009,24153,149,3199,2016,4,2,3,2
CunnRa00,1985,548,1,81,34,0,0,0,3
CunnRa00,1986,1939,9,290,145,0,0,0,3
CunnRa00,1987,4725,32,696,368,0,0,0,3
CunnRa00,1988,8533,56,1256,669,1,0,1,3
CunnRa00,1989,11933,77,1788,959,2,0,2,3
CunnRa00,1990,15399,107,2253,1230,3,0,3,3
CunnRa00,1991,15418,107,2257,1231,3,0,3,3
CunnRa00,1992,18193,126,2641,1464,5,1,3,3
CunnRa00,1993,19043,131,2751,1540,5,1,3,3
CunnRa00,1994,22272,147,3241,1805,5,1,3,3
CunnRa00,1995,22877,150,3362,1874,5,1,3,3
CunnRa00,1996,22877,150,3362,1874,5,1,3,3
CunnRa00,1997,23378,156,3450,1918,7,2,3,3
CunnRa00,1998,27082,190,3875,2177,9,3,4,3
CunnRa00,1999,28557,198,4075,2301,9,3,4,3
CunnRa00,2000,29406,204,4200,2375,9,3,4,3
CunnRa00,2001,29979,207,4289,2429,9,3,4,3
CutlJa00,2006,1001,9,137,81,0,0,0,1
CutlJa00,2007,4498,29,604,378,0,0,0,1
CutlJa00,2008,9024,54,1220,762,0,0,1,1
CutlJa00,2009,12690,81,1775,1098,0,0,1,1
CutlJa00,2010,15964,104,2207,1359,2,1,1,1
CutlJa00,2011,18283,117,2521,1541,2,1,1,1
CutlJa00,2012,21316,136,2955,1796,2,1,1,1
CutlJa00,2013,23937,155,3310,2020,2,1,1,1
CutlJa00,2014,27749,183,3871,2390,2,1,1,1
CutlJa00,2015,31408,204,4354,2701,2,1,1,1
CutlJa00,2016,32467,208,4491,2782,2,1,1,1
CutlJa00,2017,35133,227,4920,3048,2,1,1,1
DebeSt00,1978,1570,8,302,137,0,0,0,1
DebeSt00,1979,5222,25,880,484,0,0,0,1
DebeSt00,1980,7220,37,1201,670,0,0,0,1
DebeSt00,1981,8017,43,1309,734,0,0,0,1
DebeSt00,1982,9422,50,1532,865,0,0,0,1
DebeSt00,1983,11039,59,1747,984,1,0,0,1
DebeSt00,1984,14593,78,2256,1292,1,0,0,1
DebeSt00,1985,17081,97,2626,1489,1,0,0,1
DebeSt00,1986,17691,102,2722,1539,1,0,0,1
DebeSt00,1987,19582,116,2997,1698,1,0,0,1
DebeSt00,1988,22517,132,3411,1922,1,0,0,1
DebeSt00,1989,25046,143,3735,2118,1,0,0,1
DebeSt00,1990,28490,166,4179,2376,2,0,0,1
DebeSt00,1991,31455,183,4613,2632,4,1,0,1
DebeSt00,1992,32165,186,4738,2708,4,1,0,1
DebeSt00,1993,33872,193,4965,2844,4,1,0,1
DebeSt00,1994,33872,193,4965,2844,4,1,0,1
DebeSt00,1995,33872,193,4965,2844,4,1,0,1
DebeSt00,1996,33872,193,4965,2844,4,1,0,1
DebeSt00,1997,33872,193,4965,2844,4,1,0,1
DebeSt00,1998,34241,196,5024,2874,4,1,0,1
DelhJa00,1999,521,3,76,42,0,0,0,5
DelhJa00,2000,521,3,76,42,0,0,0,5
DelhJa00,2001,521,3,76,42,0,0,0,5
DelhJa00,2002,634,3,86,50,0,0,0,5
DelhJa00,2003,3853,22,535,316,4,3,0,5
DelhJa00,2004,7739,51,1068,626,4,3,0,5
DelhJa00,2005,11160,75,1503,888,7,5,1,5
DelhJa00,2006,13965,92,1934,1151,7,5,1,5
DelhJa00,2007,14589,100,2020,1206,7,5,1,5
DelhJa00,2008,17877,115,2434,1452,8,5,1,5
DelhJa00,2009,19892,123,2755,1630,8,5,1,5
DelhJa00,2010,20764,125,2904,1723,8,5,1,5
DelhJa00,2011,20975,126,2932,1741,8,5,1,5
DickLy00,1971,315,0,57,19,0,0,0,1
DickLy00,1972,315,0,57,19,0,0,0,1
DickLy00,1973,1203,6,177,90,0,0,0,1
DickLy00,1974,1907,8,290,153,0,0,0,1
DickLy00,1975,1953,8,294,155,0,0,0,1
DickLy00,1976,3418,15,537,270,0,0,0,1
DickLy00,1977,4764,20,757,383,0,0,0,1
DickLy00,1978,4764,20,757,383,0,0,0,1
DickLy00,1979,5551,25,876,443,0,0,0,1
DickLy00,1980,9080,40,1354,721,0,0,0,1
DickLy00,1981,11673,57,1708,925,0,0,0,1
DickLy00,1982,13463,69,1926,1049,2,1,0,1
DickLy00,1983,17921,101,2410,1338,2,1,0,1
DickLy00,1984,21116,126,2811,1575,2,1,0,1
DickLy00,1985,23322,141,3125,1747,2,1,0,1
DilfTr00,1994,433,1,82,38,0,0,0,5
DilfTr00,1995,3207,5,497,262,0,0,0,5
DilfTr00,1996,6066,17,979,529,0,0,0,5
DilfTr00,1997,8621,38,1365,746,2,1,1,5
DilfTr00,1998,11350,59,1794,971,2,1,1,5
DilfTr00,1999,12969,70,2038,1117,2,1,1,5
DilfTr00,2000,14471,82,2264,1251,6,5,1,5
DilfTr00,2001,15485,89,2386,1324,6,5,1,5
DilfTr00,2002,16667,93,2554,1418,6,5,1,5
DilfTr00,2003,16698,94,2562,1422,6,5,1,5
DilfTr00,2004,17031,95,2620,1447,6,5,1,5
DilfTr00,2005,19352,106,2953,1646,6,5,1,5
DilfTr00,2006,19352,106,2953,1646,6,5,1,5
DilfTr00,2007,20518,113,3172,1759,6,5,1,5
EasoTo00,1983,557,1,95,46,0,0,0,3
EasoTo00,1984,3785,24,526,305,0,0,0,3
EasoTo00,1985,5941,35,825,473,4,3,0,3
EasoTo00,1986,9269,54,1273,749,5,3,0,3
EasoTo00,1987,9722,57,1352,791,5,3,0,3
EasoTo00,1988,9971,57,1395,819,5,3,0,3
EasoTo00,1989,10987,61,1536,898,5,3,0,3
EasoTo00,1990,11142,61,1564,911,5,3,0,3
ElwaJo00,1983,1663,7,259,123,0,0,0,14
ElwaJo00,1984,4261,25,639,337,1,0,0,14
ElwaJo00,1985,8152,47,1244,664,1,0,0,14
ElwaJo00,1986,11637,66,1748,944,4,2,1,14
ElwaJo00,1987,14835,85,2158,1168,7,4,2,14
ElwaJo00,1988,18144,102,2654,1442,7,4,2,14
ElwaJo00,1989,21195,120,3070,1665,10,6,3,14
ElwaJo00,1990,24721,135,3572,1959,10,6,3,14
ElwaJo00,1991,27974,148,4023,2201,12,7,4,14
ElwaJo00,1992,30216,158,4339,2375,12,7,4,14
ElwaJo00,1993,34246,183,4890,2723,13,7,5,14
ElwaJo00,1994,37736,199,5384,3030,13,7,6,14
ElwaJo00,1995,41706,225,5926,3346,13,7,6,14
ElwaJo00,1996,45034,251,6392,3633,14,7,7,14
ElwaJo00,1997,48669,278,6894,3913,18,11,8,14
ElwaJo00,1998,51475,300,7250,4123,21,14,9,14
EsiaBo00,1984,530,3,102,51,0,0,0,3
EsiaBo00,1985,3973,30,533,302,0,0,0,3
EsiaBo00,1986,7932,54,1002,575,0,0,1,3
EsiaBo00,1987,11253,70,1442,815,0,0,1,3
EsiaBo00,1988,14825,98,1830,1038,3,2,2,3
EsiaBo00,1989,18350,126,2285,1296,3,2,3,3
EsiaBo00,1990,21381,150,2687,1520,5,3,3,3
EsiaBo00,1991,24264,163,3100,1753,5,3,3,3
EsiaBo00,1992,25671,174,3378,1897,5,3,3,3
EsiaBo00,1993,29092,190,3851,2185,5,3,4,3
EsiaBo00,1994,31874,207,4291,2440,5,3,4,3
EsiaBo00,1995,34149,223,4680,2661,5,3,4,3
EsiaBo00,1996,36442,234,5019,2851,5,3,4,3
EsiaBo00,1997,37920,247,5205,2969,5,3,4,3
EverJi00,1986,1018,8,147,73,1,0,0,2
EverJi00,1987,3082,18,449,235,1,0,0,2
EverJi00,1988,7046,49,966,543,2,0,0,2
EverJi00,1989,11356,78,1484,847,5,2,0,2
EverJi00,1990,15345,101,2038,1154,5,2,1,2
EverJi00,1991,18783,112,2528,1431,5,2,1,2
EverJi00,1992,22106,134,3003,1712,5,2,1,2
EverJi00,1993,23758,142,3277,1847,5,2,1,2
EverJi00,1994,27613,164,3817,2193,5,2,1,2
EverJi00,1995,31583,190,4384,2538,5,2,1,2
EverJi00,1996,34380,202,4848,2805,5,2,1,2
EverJi00,1997,34837,203,4923,2841,5,2,1,2
FavrBr00,1991,0,0,4,0,0,0,0,13
FavrBr00,1992,3227,18,475,302,0,0,1,13
FavrBr00,1993,6530,37,997,620,2,1,2,13
FavrBr00,1994,10412,70,1579,983,4,2,2,13
FavrBr00,1995,14825,108,2149,1342,7,4,3,13
FavrBr00,1996,18724,147,2692,1667,10,7,4,13
FavrBr00,1997,22591,182,3205,1971,13,9,5,13
FavrBr00,1998,26803,213,3756,2318,14,9,5,13
FavrBr00,1999,30894,235,4351,2659,14,9,5,13
FavrBr00,2000,34706,255,4931,2997,14,9,5,13
FavrBr00,2001,38627,287,5441,3311,16,10,6,13
FavrBr00,2002,42285,314,5992,3652,17,10,7,13
FavrBr00,2003,45646,346,6463,3960,19,11,8,13
FavrBr00,2004,49734,376,7003,4306,20,11,8,13
FavrBr00,2005,53615,396,7610,4678,20,11,8,13
FavrBr00,2006,57500,414,8223,5021,20,11,8,13
FavrBr00,2007,61655,442,8758,5377,22,12,9,13
FavrBr00,2008,65127,464,9280,5720,22,12,10,13
FavrBr00,2009,69329,497,9811,6083,24,13,11,13
FavrBr00,2010,71838,508,10169,6300,24,13,11,13
FergJo00,1973,939,4,164,73,0,0,0,1
FergJo00,1974,2527,16,396,192,1,0,0,1
FergJo00,1975,4953,41,717,361,1,0,0,1
FergJo00,1976,6039,50,868,435,1,0,0,1
FergJo00,1977,8842,62,1325,656,1,0,0,1
FergJo00,1978,10978,78,1655,831,1,0,0,1
FergJo00,1979,14550,92,2113,1069,1,0,0,1
FergJo00,1980,17355,112,2552,1320,2,0,0,1
FergJo00,1981,21007,136,3050,1572,4,1,0,1
FergJo00,1982,22604,143,3314,1716,4,1,0,1
FergJo00,1983,25599,169,3822,1997,4,1,0,1
FergJo00,1984,27590,181,4166,2188,4,1,0,1
FergJo00,1985,27954,183,4220,2219,4,1,0,1
FergJo00,1986,28895,190,4375,2292,4,1,0,1
FergJo00,1987,28895,190,4375,2292,4,1,0,1
FergJo00,1988,29263,193,4421,2323,4,1,0,1
FergJo00,1989,29796,196,4511,2367,4,1,0,1
FergJo00,1990,29817,196,4519,2369,4,1,0,1
FerrVi00,1977,83,2,15,9,0,0,0,3
FerrVi00,1978,197,2,35,16,0,0,0,3
FerrVi00,1979,975,7,145,69,3,2,0,3
FerrVi00,1980,4174,37,549,309,4,2,0,3
FerrVi00,1981,4174,37,549,309,4,2,0,3
FerrVi00,1982,5783,46,758,427,4,2,0,3
FerrVi00,1983,9059,68,1222,701,6,3,0,3
FerrVi00,1984,9376,70,1288,730,6,3,0,3
FerrVi00,1985,11053,75,1575,879,6,3,0,3
FerrVi00,1986,11336,76,1615,902,6,3,0,3
FiedJa00,1998,41,0,7,3,0,0,0,1
FiedJa00,1999,697,2,101,64,0,0,0,1
FiedJa00,2000,3099,16,458,268,2,1,0,1
FiedJa00,2001,6389,36,908,541,3,1,0,1
FiedJa00,2002,8413,50,1200,720,3,1,0,1
FiedJa00,2003,10551,61,1514,899,3,1,0,1
FiedJa00,2004,11737,68,1704,1000,3,1,0,1
FiedJa00,2005,11844,69,1717,1008,3,1,0,1
FlacJo00,2008,2971,14,428,257,3,2,0,10
FlacJo00,2009,6584,35,927,572,5,3,0,10
FlacJo00,2010,10206,60,1416,878,7,4,0,10
FlacJo00,2011,13816,80,1958,1190,9,5,0,10
FlacJo00,2012,17633,102,2489,1507,13,9,0,10
FlacJo00,2013,21545,121,3103,1869,13,9,0,10
FlacJo00,2014,25531,148,3657,2213,15,10,0,10
FlacJo00,2015,28322,162,4070,2479,15,10,0,10
FlacJo00,2016,32639,182,4742,2915,15,10,0,10
FlacJo00,2017,35780,200,5291,3267,15,10,0,10
FlacJo00,2018,38245,212,5670,3499,15,10,0,10
FlacJo00,2019,40067,218,5932,3670,15,10,0,10
FlacJo00,2020,40931,224,6066,3744,15,10,0,10
FlacJo00,2021,41269,227,6108,3771,15,10,0,10
FoleNi00,2012,1699,6,265,161,0,0,0,4
FoleNi00,2013,4590,33,582,364,1,0,1,4
FoleNi00,2014,6753,46,893,550,1,0,1,4
FoleNi00,2015,8805,53,1230,740,1,0,1,4
FoleNi00,2016,9215,56,1285,776,1,0,1,4
FoleNi00,2017,9752,61,1386,833,4,3,1,4
FoleNi00,2018,11165,68,1581,974,6,4,1,4
FoleNi00,2019,11901,71,1698,1051,6,4,1,4
FoleNi00,2020,13753,81,2010,1253,6,4,1,4
FoleNi00,2021,14003,82,2045,1277,6,4,1,4
FoutDa00,1973,1126,6,194,87,0,0,0,3
FoutDa00,1974,2858,14,431,202,0,0,0,3
FoutDa00,1975,4254,16,626,308,0,0,0,3
FoutDa00,1976,6789,30,985,516,0,0,0,3
FoutDa00,1977,7658,34,1094,585,0,0,0,3
FoutDa00,1978,10657,58,1475,809,0,0,0,3
FoutDa00,1979,14739,82,2005,1141,1,0,1,3
FoutDa00,1980,19454,112,2594,1489,3,1,2,3
FoutDa00,1981,24256,145,3203,1849,5,2,3,3
FoutDa00,1982,27139,162,3533,2053,7,3,4,3
FoutDa00,1983,30114,182,3873,2268,7,3,5,3
FoutDa00,1984,33854,201,4380,2585,7,3,5,3
FoutDa00,1985,37492,228,4810,2839,7,3,6,3
FoutDa00,1986,40523,244,5240,3091,7,3,6,3
FoutDa00,1987,43040,254,5604,3297,7,3,6,3
FullSt00,1979,1484,6,270,146,0,0,0,1
FullSt00,1980,3734,16,590,339,0,0,0,1
FullSt00,1981,4668,19,724,416,0,0,0,1
FullSt00,1982,5333,22,817,465,0,0,0,1
FullSt00,1983,5333,22,817,465,0,0,0,1
FullSt00,1984,5928,25,895,518,2,1,0,1
FullSt00,1985,6705,26,1002,571,2,1,0,1
FullSt00,1986,7156,28,1066,605,2,1,0,1
GannRi00,1987,18,0,6,2,0,0,0,4
GannRi00,1988,108,0,21,9,0,0,0,4
GannRi00,1989,108,0,21,9,0,0,0,4
GannRi00,1990,2386,16,370,191,0,0,0,4
GannRi00,1991,4552,28,724,402,0,0,0,4
GannRi00,1992,6457,40,1003,561,0,0,0,4
GannRi00,1993,7161,43,1128,635,0,0,0,4
GannRi00,1994,7161,43,1128,635,0,0,0,4
GannRi00,1995,7218,43,1139,642,0,0,0,4
GannRi00,1996,7709,49,1229,696,0,0,0,4
GannRi00,1997,8853,56,1404,794,0,0,0,4
GannRi00,1998,11158,66,1758,1000,0,0,0,4
GannRi00,1999,14998,90,2273,1304,0,0,1,4
GannRi00,2000,18428,118,2746,1588,2,1,2,4
GannRi00,2001,22256,145,3295,1949,4,2,3,4
GannRi00,2002,26945,171,3913,2367,7,4,4,4
GannRi00,2003,28219,177,4138,2492,7,4,4,4
GannRi00,2004,28743,180,4206,2533,7,4,4,4
GarcJe00,1999,2544,11,375,225,0,0,0,2
GarcJe00,2000,6822,42,936,580,0,0,1,2
GarcJe00,2001,10360,74,1440,896,1,0,2,2
GarcJe00,2002,13704,95,1968,1224,3,1,3,2
GarcJe00,2003,16408,113,2360,1449,3,1,3,2
GarcJe00,2004,18139,123,2612,1593,3,1,3,2
GarcJe00,2005,19076,126,2785,1695,3,1,3,2
GarcJe00,2006,20385,136,2973,1811,5,2,3,2
GarcJe00,2007,22825,149,3300,2020,6,2,4,2
GarcJe00,2008,25537,161,3676,2264,6,2,4,2
GaroJi00,2014,182,1,27,19,0,0,0,4
GaroJi00,2015,188,1,31,20,0,0,0,4
GaroJi00,2016,690,5,94,63,0,0,0,4
GaroJi00,2017,2250,12,272,183,0,0,0,4
GaroJi00,2018,2968,17,361,236,0,0,0,4
GaroJi00,2019,6946,44,837,565,3,2,0,4
GaroJi00,2020,8042,51,977,659,3,2,0,4
GaroJi00,2021,11852,71,1418,960,6,4,0,4
GarrDa00,2002,231,1,46,23,0,0,0,1
GarrDa00,2003,317,2,58,32,0,0,0,1
GarrDa00,2004,691,4,130,70,0,0,0,1
GarrDa00,2005,1808,8,298,168,0,0,0,1
GarrDa00,2006,3543,18,539,313,0,0,0,1
GarrDa00,2007,6052,36,864,521,2,1,0,1
GarrDa00,2008,9672,51,1399,856,2,1,0,1
GarrDa00,2009,13269,66,1915,1170,2,1,1,1
GarrDa00,2010,16003,89,2281,1406,2,1,1,1
GeorJe00,1990,2152,16,334,181,0,0,0,1
GeorJe00,1991,5062,26,819,473,0,0,0,1
GeorJe00,1992,7025,33,1125,640,0,0,0,1
GeorJe00,1993,9551,41,1532,874,0,0,0,1
GeorJe00,1994,13285,64,2056,1196,0,0,0,1
GeorJe00,1995,17428,88,2613,1532,1,0,0,1
GeorJe00,1996,18126,91,2712,1588,1,0,0,1
GeorJe00,1997,22043,120,3233,1878,1,0,0,1
GeorJe00,1998,23229,124,3402,1971,1,0,0,1
GeorJe00,1999,26045,147,3731,2162,3,1,0,1
GeorJe00,2000,27434,154,3925,2275,3,1,0,1
GeorJe00,2001,27602,154,3967,2298,3,1,0,1
GoffJa00,2016,1089,5,205,112,0,0,0,2
GoffJa00,2017,4893,33,682,408,1,0,1,2
GoffJa00,2018,9581,65,1243,772,4,2,2,2
GoffJa00,2019,14219,87,1869,1166,4,2,2,2
GoffJa00,2020,18171,107,2421,1536,5,2,2,2
GoffJa00,2021,21416,126,2915,1868,5,2,2,2
GrahOt00,1950,1943,14,253,137,2,2,1,4
GrahOt00,1951,4148,31,518,284,3,2,2,4
GrahOt00,1952,6964,51,882,465,4,2,3,4
GrahOt00,1953,9686,62,1140,632,5,2,4,4
GrahOt00,1954,11778,73,1380,774,6,3,5,4
GrahOt00,1955,13499,88,1565,872,7,4,5,4
GrbaEl00,1994,393,2,50,35,0,0,0,1
GrbaEl00,1995,1862,10,233,162,0,0,0,1
GrbaEl00,1996,3098,18,430,284,0,0,0,1
GrbaEl00,1997,5041,29,744,463,1,0,0,1
GrbaEl00,1998,6183,34,932,561,1,0,0,1
GrbaEl00,1999,9572,56,1431,855,1,0,0,1
GrbaEl00,2000,13741,84,1978,1181,1,0,1,1
GrbaEl00,2001,16774,99,2445,1446,3,1,1,1
GrieBo00,1970,2019,12,245,142,1,0,1,6
GrieBo00,1971,4108,31,508,287,4,2,2,6
GrieBo00,1972,4746,35,605,340,5,3,2,6
GrieBo00,1973,6168,52,823,456,8,6,3,6
GrieBo00,1974,8136,68,1076,608,9,6,4,6
GrieBo00,1975,9829,82,1267,726,9,6,4,6
GrieBo00,1976,11926,93,1539,888,9,6,4,6
GrieBo00,1977,14178,115,1846,1068,9,6,5,6
GrieBo00,1978,15969,126,2081,1216,10,6,6,6
GrieBo00,1979,18129,140,2391,1392,11,6,6,6
GrieBo00,1980,18919,146,2491,1453,11,6,6,6
GrosRe00,2003,437,2,72,38,0,0,0,2
GrosRe00,2004,1044,3,156,85,0,0,0,2
GrosRe00,2005,1303,4,195,105,1,0,0,2
GrosRe00,2006,4496,27,675,367,4,2,0,2
GrosRe00,2007,5907,31,900,489,4,2,0,2
GrosRe00,2008,6164,33,962,521,4,2,0,2
GrosRe00,2009,6197,33,971,524,4,2,0,2
GrosRe00,2010,7081,40,1104,598,4,2,0,2
GrosRe00,2011,10232,56,1562,863,4,2,0,2
HadePa00,1976,896,8,105,60,2,1,0,2
HadePa00,1977,2447,19,321,182,3,1,1,2
HadePa00,1978,5442,32,765,411,5,2,1,2
HadePa00,1979,7296,43,1055,574,5,2,1,2
HadePa00,1980,7481,43,1096,593,5,2,1,2
HadePa00,1981,9296,52,1363,731,5,2,1,2
HarbJi00,1987,62,0,11,8,0,0,0,2
HarbJi00,1988,576,0,108,55,0,0,0,2
HarbJi00,1989,1780,5,286,166,0,0,0,2
HarbJi00,1990,3958,15,598,346,0,0,0,2
HarbJi00,1991,7079,30,1076,621,1,0,0,2
HarbJi00,1992,9565,43,1434,823,1,0,0,2
HarbJi00,1993,11567,50,1759,1023,1,0,0,2
HarbJi00,1994,13007,59,1961,1148,1,0,0,2
HarbJi00,1995,15582,76,2275,1348,4,2,1,2
HarbJi00,1996,18212,89,2680,1580,5,2,1,2
HarbJi00,1997,20272,99,2989,1769,5,2,1,2
HarbJi00,1998,22111,111,3282,1933,5,2,1,2
HarbJi00,1999,24872,121,3716,2182,5,2,1,2
HarbJi00,2000,26288,129,3918,2305,5,2,1,2
HarrJa01,1970,338,3,50,24,0,0,0,1
HarrJa01,1971,850,4,153,75,0,0,0,1
HarrJa01,1972,850,4,153,75,0,0,0,1
HarrJa01,1973,918,4,164,82,0,0,0,1
HarrJa01,1974,2462,15,362,188,2,1,1,1
HarrJa01,1975,4610,29,647,345,3,1,1,1
HarrJa01,1976,6070,37,805,436,3,1,1,1
HarrJa01,1977,7310,42,1016,545,3,1,1,1
HarrJa01,1978,7828,44,1104,587,3,1,1,1
HarrJa01,1979,7866,44,1113,592,3,1,1,1
HassMa00,1999,41,1,10,3,0,0,0,5
HassMa00,2000,145,2,29,13,0,0,0,5
HassMa00,2001,2168,9,350,189,0,0,0,5
HassMa00,2002,5243,24,769,456,0,0,0,5
HassMa00,2003,9084,50,1282,769,1,0,1,5
HassMa00,2004,12466,72,1756,1048,2,0,1,5
HassMa00,2005,15925,96,2205,1342,5,2,2,5
HassMa00,2006,18367,114,2576,1552,7,3,2,5
HassMa00,2007,22333,142,3138,1904,9,4,3,5
HassMa00,2008,23549,147,3347,2013,9,4,3,5
HassMa00,2009,26578,164,3835,2306,9,4,3,5
HassMa00,2010,29579,176,4279,2572,11,5,3,5
HassMa00,2011,33150,194,4797,2891,11,5,3,5
HassMa00,2012,34517,201,5018,3029,11,5,3,5
HassMa00,2013,34647,201,5030,3036,11,5,3,5
HassMa00,2014,34948,203,5074,3066,11,5,3,5
HassMa00,2015,36638,212,5330,3222,11,5,3,5
HostJe00,1988,244,1,29,16,0,0,0,4
HostJe00,1989,538,4,68,36,0,0,0,4
HostJe00,1990,1152,7,155,83,3,3,0,4
HostJe00,1991,3184,12,440,262,3,3,0,4
HostJe00,1992,4409,20,632,365,3,3,0,4
HostJe00,1993,7651,34,1051,601,5,4,0,4
HostJe00,1994,10985,54,1506,864,5,4,1,4
HostJe00,1995,12983,66,1792,1036,5,4,1,4
HostJe00,1996,15531,89,2194,1278,5,4,1,4
HostJe00,1997,16430,94,2338,1357,5,4,1,4
HumpSt00,1989,91,1,10,5,0,0,0,3
HumpSt00,1990,1106,4,166,96,0,0,0,3
HumpSt00,1991,1106,4,166,96,0,0,0,3
HumpSt00,1992,4462,20,620,359,2,1,0,3
HumpSt00,1993,6443,32,944,532,2,1,0,3
HumpSt00,1994,9652,49,1397,796,5,3,0,3
HumpSt00,1995,13033,66,1875,1078,6,3,0,3
HumpSt00,1996,15703,84,2291,1310,6,3,0,3
HumpSt00,1997,17191,89,2516,1431,6,3,0,3
JackLa00,2018,1201,6,170,99,1,0,0,1
JackLa00,2019,4328,42,571,364,2,0,1,1
JackLa00,2020,7085,68,947,606,4,1,1,1
JackLa00,2021,9967,84,1329,852,4,1,2,1
JawoRo00,1974,144,0,24,10,0,0,0,4
JawoRo00,1975,446,0,72,34,1,1,0,4
JawoRo00,1976,719,1,124,54,1,1,0,4
JawoRo00,1977,2902,19,470,220,1,1,0,4
JawoRo00,1978,5389,35,868,426,2,1,0,4
JawoRo00,1979,8058,53,1242,616,4,2,0,4
JawoRo00,1980,11587,80,1693,873,7,4,1,4
JawoRo00,1981,14682,103,2154,1123,8,4,1,4
JawoRo00,1982,16758,115,2440,1290,8,4,1,4
JawoRo00,1983,20073,135,2886,1525,8,4,1,4
JawoRo00,1984,22827,151,3313,1759,8,4,1,4
JawoRo00,1985,26277,168,3797,2014,8,4,1,4
JawoRo00,1986,27682,176,4042,2142,8,4,1,4
JawoRo00,1987,27682,176,4042,2142,8,4,1,4
JawoRo00,1988,27805,177,4056,2151,8,4,1,4
JawoRo00,1989,28190,179,4117,2187,8,4,1,4
JohnBr00,1994,150,0,37,22,0,0,0,4
JohnBr00,1995,422,0,73,47,0,0,0,4
JohnBr00,1996,2680,17,384,242,1,0,0,4
JohnBr00,1997,5716,37,836,517,1,0,0,4
JohnBr00,1998,6463,44,937,582,1,0,0,4
JohnBr00,1999,10468,68,1456,898,3,1,1,4
JohnBr00,2000,12973,79,1821,1126,3,1,1,4
JohnBr00,2001,16379,92,2380,1466,4,1,1,4
JohnBr00,2002,19428,114,2831,1747,7,4,2,4
JohnBr00,2003,23239,140,3401,2101,7,4,2,4
JohnBr00,2004,23913,143,3504,2166,7,4,2,4
JohnBr00,2005,25798,155,3798,2350,7,4,2,4
JohnBr00,2006,28548,164,4237,2620,7,4,2,4
JohnBr00,2007,28627,164,4248,2627,7,4,2,4
JohnBr00,2008,29054,166,4326,2668,7,4,2,4
KaepCo00,2011,35,0,5,3,0,0,0,4
KaepCo00,2012,1849,10,223,139,3,2,0,4
KaepCo00,2013,5046,31,639,382,6,4,0,4
KaepCo00,2014,8415,50,1117,671,6,4,0,4
KaepCo00,2015,10030,56,1361,815,6,4,0,4
KaepCo00,2016,12271,72,1692,1011,6,4,0,4
KappJo00,1967,1386,8,214,102,0,0,0,2
KappJo00,1968,3081,18,462,231,1,0,0,2
KappJo00,1969,4807,37,699,351,4,2,1,2
KappJo00,1970,5911,40,918,449,4,2,1,2
KeenCa00,2013,1760,9,253,137,0,0,0,1
KeenCa00,2014,2195,11,330,182,0,0,0,1
KeenCa00,2015,3023,15,455,258,0,0,0,1
KeenCa00,2016,5224,24,777,454,0,0,0,1
KeenCa00,2017,8771,46,1258,779,2,1,0,1
KeenCa00,2018,12661,64,1844,1144,2,1,0,1
KeenCa00,2019,14368,75,2091,1304,2,1,0,1
KeenCa00,2020,14414,75,2101,1309,2,1,0,1
KeenCa00,2021,14876,78,2173,1356,2,1,0,1
KellJi00,1986,3593,22,480,285,0,0,0,9
KellJi00,1987,6391,41,899,535,0,0,1,9
KellJi00,1988,9771,56,1351,804,2,1,2,9
KellJi00,1989,12901,81,1742,1032,3,1,2,9
KellJi00,1990,15730,105,2088,1251,6,3,3,9
KellJi00,1991,19574,138,2562,1555,9,5,4,9
KellJi00,1992,23031,161,3024,1824,11,6,5,9
KellJi00,1993,26413,179,3494,2112,14,8,5,9
KellJi00,1994,29527,201,3942,2397,14,8,5,9
KellJi00,1995,32657,223,4400,2652,16,9,5,9
KellJi00,1996,35467,237,4779,2874,17,9,5,9
KilmBi00,1961,286,0,34,19,0,0,0,2
KilmBi00,1962,477,1,47,27,0,0,0,2
KilmBi00,1963,477,1,47,27,0,0,0,2
KilmBi00,1964,569,2,61,35,0,0,0,2
KilmBi00,1965,569,2,61,35,0,0,0,2
KilmBi00,1966,653,2,77,40,0,0,0,2
KilmBi00,1967,1994,8,281,137,0,0,0,2
KilmBi00,1968,4054,23,596,304,0,0,0,2
KilmBi00,1969,6586,43,956,497,0,0,0,2
KilmBi00,1970,8143,49,1193,632,0,0,0,2
KilmBi00,1971,10364,62,1499,798,1,0,0,2
KilmBi00,1972,12012,81,1724,918,4,2,1,2
KilmBi00,1973,13668,95,1951,1040,5,2,1,2
KilmBi00,1974,15300,105,2185,1177,6,2,1,2
KilmBi00,1975,17740,128,2531,1355,6,2,1,2
KilmBi00,1976,18992,140,2737,1463,7,2,1,2
KilmBi00,1977,20179,148,2938,1562,7,2,1,2
KilmBi00,1978,20495,152,2984,1585,7,2,1,2
KingSh00,1999,875,7,146,89,2,1,0,1
KingSh00,2000,3644,25,574,322,3,1,0,1
KingSh00,2001,3854,25,605,343,3,1,0,1
KingSh00,2002,3934,25,632,353,3,1,0,1
KingSh00,2003,4064,26,654,368,3,1,0,1
KingSh00,2004,4566,27,738,415,3,1,0,1
KosaBe00,1985,1578,8,248,124,1,0,0,3
KosaBe00,1986,5432,25,779,434,3,1,0,3
KosaBe00,1987,8465,47,1168,675,5,2,1,3
KosaBe00,1988,10355,57,1427,831,5,2,1,3
KosaBe00,1989,13888,75,1940,1134,7,3,1,3
KosaBe00,1990,16450,85,2363,1364,7,3,1,3
KosaBe00,1991,19937,103,2857,1671,7,3,1,3
KosaBe00,1992,21097,111,3012,1774,7,3,1,3
KosaBe00,1993,22314,119,3213,1889,7,3,1,3
KosaBe00,1994,22394,120,3225,1896,7,3,1,3
KosaBe00,1995,23093,123,3333,1970,7,3,1,3
KosaBe00,1996,23301,124,3365,1994,7,3,1,3
KramEr00,1987,559,4,92,45,0,0,0,1
KramEr00,1988,559,4,92,45,0,0,0,1
KramEr00,1989,559,4,92,45,0,0,0,1
KramEr00,1990,559,4,92,45,0,0,0,1
KramEr00,1991,2194,15,357,181,2,1,0,1
KramEr00,1992,2965,19,463,239,2,1,0,1
KramEr00,1993,3967,27,601,326,3,1,0,1
KramEr00,1994,5096,35,759,425,3,1,0,1
KramEr00,1995,8934,64,1281,740,3,1,0,1
KramEr00,1996,9715,67,1431,813,3,1,0,1
KramEr00,1997,12726,81,1908,1088,3,1,0,1
KramEr00,1998,14549,90,2158,1239,3,1,0,1
KramEr00,1999,15337,92,2299,1317,3,1,0,1
KramTo00,1977,425,5,57,30,0,0,0,2
KramTo00,1978,475,5,73,35,0,0,0,2
KramTo00,1979,3872,28,639,350,0,0,0,2
KramTo00,1980,7454,47,1161,649,1,0,0,2
KramTo00,1981,11366,73,1754,971,1,0,0,2
KramTo00,1982,13403,88,2062,1147,3,1,0,2
KramTo00,1983,13953,91,2144,1202,3,1,0,2
KramTo00,1984,15631,100,2380,1326,3,1,0,2
KramTo00,1985,19153,119,2886,1603,3,1,0,2
KramTo00,1986,22153,143,3258,1811,3,1,1,2
KramTo00,1987,22605,147,3339,1851,4,2,1,2
KramTo00,1988,23869,152,3512,1934,4,2,1,2
KramTo00,1989,24775,159,3648,2011,4,2,1,2
KramTo00,1990,24777,159,3651,2012,4,2,1,2
KrieDa00,1980,0,0,2,0,0,0,0,3
KrieDa00,1981,843,7,114,64,0,0,0,3
KrieDa00,1982,1344,9,192,113,0,0,0,3
KrieDa00,1983,3483,27,435,260,3,2,0,3
KrieDa00,1984,7154,59,915,536,5,3,1,3
KrieDa00,1985,10756,86,1447,821,5,3,1,3
KrieDa00,1986,13677,107,1822,1046,5,3,1,3
KrieDa00,1987,15808,130,2116,1224,6,3,1,3
KrieDa00,1988,17549,148,2344,1358,7,3,2,3
KrieDa00,1989,20858,169,2843,1644,7,3,3,3
KrieDa00,1990,24052,184,3291,1909,7,3,3,3
KrieDa00,1991,26132,195,3576,2096,7,3,3,3
KrieDa00,1992,29247,210,3989,2326,8,3,3,3
KrieDa00,1993,30485,217,4178,2431,8,3,3,3
KrieDa00,1994,32114,231,4390,2562,9,3,3,3
KrieDa00,1995,35668,247,4911,2866,9,3,3,3
KrieDa00,1996,37946,261,5288,3092,9,3,3,3
KrieDa00,1997,37948,261,5290,3093,9,3,3,3
KrieDa00,1998,38147,261,5311,3105,9,3,3,3
LamoDa00,1970,2516,22,356,179,2,1,1,1
LamoDa00,1971,4233,38,598,297,2,1,1,1
LamoDa00,1972,6231,56,879,446,3,1,2,1
LamoDa00,1973,6845,58,972,488,3,1,2,1
LamoDa00,1974,6880,59,981,491,3,1,2,1
LaynBo00,1950,2323,16,336,152,0,0,0,3
LaynBo00,1951,4726,42,668,304,0,0,1,3
LaynBo00,1952,6725,61,955,443,2,2,2,3
LaynBo00,1953,8813,77,1228,568,3,3,3,3
LaynBo00,1954,10631,91,1474,703,4,3,3,3
LaynBo00,1955,12461,102,1744,846,4,3,3,3
LaynBo00,1956,14370,111,1988,975,4,3,4,3
LaynBo00,1957,15539,117,2167,1062,4,3,4,3
LaynBo00,1958,18049,131,2461,1207,4,3,5,3
LaynBo00,1959,20035,151,2758,1349,4,3,6,3
LaynBo00,1960,21849,164,2967,1452,4,3,6,3
LaynBo00,1961,23054,175,3116,1527,4,3,6,3
LaynBo00,1962,24740,184,3349,1643,4,3,6,3
LeexBo00,1969,79,1,11,7,0,0,0,1
LeexBo00,1970,689,6,90,47,0,0,0,1
LeexBo00,1971,1287,8,180,92,1,0,0,1
LeexBo00,1972,1362,9,186,95,1,0,0,1
LeexBo00,1973,3148,19,416,215,1,0,0,1
LeexBo00,1974,4000,22,588,293,1,0,0,1
LeexBo00,1975,4103,24,602,298,1,0,0,1
LeexBo00,1976,4259,24,632,313,1,0,0,1
LeexBo00,1977,4781,28,704,355,3,1,0,1
LeexBo00,1978,4791,28,708,357,3,1,0,1
LeexBo00,1979,5034,30,730,368,3,1,0,1
LuckAn00,2012,4374,23,627,339,1,0,1,4
LuckAn00,2013,8196,46,1197,682,3,1,2,4
LuckAn00,2014,12957,86,1813,1062,6,3,3,4
LuckAn00,2015,14838,101,2106,1224,6,3,3,4
LuckAn00,2016,19078,132,2651,1570,6,3,3,4
LuckAn00,2017,19078,132,2651,1570,6,3,3,4
LuckAn00,2018,23671,171,3290,2000,8,4,4,4
MaddTo00,1992,757,5,121,66,0,0,0,1
MaddTo00,1993,758,6,122,67,0,0,0,1
MaddTo00,1994,899,6,141,77,0,0,0,1
MaddTo00,1995,948,6,164,83,0,0,0,1
MaddTo00,1996,948,6,164,83,0,0,0,1
MaddTo00,1997,948,6,164,83,0,0,0,1
MaddTo00,1998,948,6,164,83,0,0,0,1
MaddTo00,1999,948,6,164,83,0,0,0,1
MaddTo00,2000,948,6,164,83,0,0,0,1
MaddTo00,2001,1102,7,173,90,0,0,0,1
MaddTo00,2002,3938,27,550,324,2,1,0,1
MaddTo00,2003,7352,45,1069,622,2,1,0,1
MaddTo00,2004,7681,46,1129,652,2,1,0,1
MaddTo00,2005,8087,48,1200,686,2,1,0,1
MahoPa00,2017,284,0,35,22,0,0,0,8
MahoPa00,2018,5381,50,615,405,2,1,1,8
MahoPa00,2019,9412,76,1099,724,5,4,2,8
MahoPa00,2020,14152,114,1687,1114,8,6,3,8
MahoPa00,2021,18991,151,2345,1550,11,8,4,8
MaloMa00,1981,553,3,88,45,0,0,0,1
MaloMa00,1982,553,3,88,45,0,0,0,1
MaloMa00,1983,677,4,108,54,0,0,0,1
MaloMa00,1984,2814,20,380,201,2,1,0,1
MaloMa00,1985,4242,33,613,318,2,1,0,1
MaloMa00,1986,6686,48,1038,534,2,1,0,1
MaloMa00,1987,8582,54,1374,690,2,1,0,1
MaloMa00,1988,10162,60,1646,837,2,1,0,1
MaloMa00,1989,10175,60,1648,839,2,1,0,1
MannEl00,2004,1043,6,197,95,0,0,0,8
MannEl00,2005,4805,30,754,389,1,0,0,8
MannEl00,2006,8049,54,1276,690,2,0,0,8
MannEl00,2007,11385,77,1805,987,6,4,0,8
MannEl00,2008,14623,98,2284,1276,7,4,1,8
MannEl00,2009,18644,125,2793,1593,7,4,1,8
MannEl00,2010,22646,156,3332,1932,7,4,1,8
MannEl00,2011,27579,185,3921,2291,11,8,2,8
MannEl00,2012,31527,211,4457,2612,11,8,3,8
MannEl00,2013,35345,229,5008,2929,11,8,3,8
MannEl00,2014,39755,259,5609,3308,11,8,3,8
MannEl00,2015,44187,294,6227,3695,11,8,4,8
MannEl00,2016,48214,320,6825,4072,12,8,4,8
MannEl00,2017,51682,339,7396,4424,12,8,4,8
MannEl00,2018,55981,360,7972,4804,12,8,4,8
MannEl00,2019,57023,366,8119,4895,12,8,4,8
MannPe00,1998,3739,26,575,326,0,0,0,14
MannPe00,1999,7874,52,1108,657,1,0,1,14
MannPe00,2000,12287,85,1679,1014,2,0,2,14
MannPe00,2001,16418,111,2226,1357,2,0,2,14
MannPe00,2002,20618,138,2817,1749,3,0,3,14
MannPe00,2003,24885,167,3383,2128,6,2,4,14
MannPe00,2004,29442,216,3880,2464,8,3,5,14
MannPe00,2005,33189,244,4333,2769,9,3,6,14
MannPe00,2006,37586,275,4890,3131,13,7,7,14
MannPe00,2007,41626,306,5405,3468,14,7,8,14
MannPe00,2008,45628,333,5960,3839,15,7,9,14
MannPe00,2009,50128,366,6531,4232,18,9,10,14
MannPe00,2010,54828,399,7210,4682,19,9,11,14
MannPe00,2011,54828,399,7210,4682,19,9,11,14
MannPe00,2012,59487,436,7793,5082,20,9,12,14
MannPe00,2013,64964,491,8452,5532,23,11,13,14
MannPe00,2014,69691,530,9049,5927,24,11,14,14
MannPe00,2015,71940,539,9380,6125,27,14,14,14
MariDa00,1983,2210,20,296,173,1,0,1,8
MariDa00,1984,7294,68,860,535,4,2,2,8
MariDa00,1985,11431,98,1427,871,6,3,3,8
MariDa00,1986,16177,142,2050,1249,6,3,4,8
MariDa00,1987,19422,168,2494,1512,6,3,5,8
MariDa00,1988,23856,196,3100,1866,6,3,5,8
MariDa00,1989,27853,220,3650,2174,6,3,5,8
MariDa00,1990,31416,241,4181,2480,8,4,5,8
MariDa00,1991,35386,266,4730,2798,8,4,6,8
MariDa00,1992,39502,290,5284,3128,10,5,7,8
MariDa00,1993,40720,298,5434,3219,10,5,7,8
MariDa00,1994,45173,328,6049,3604,12,6,8,8
MariDa00,1995,48841,352,6531,3913,13,6,9,8
MariDa00,1996,51636,369,6904,4134,13,6,9,8
MariDa00,1997,55416,385,7452,4453,14,6,9,8
MariDa00,1998,58913,408,7989,4763,16,7,9,8
MariDa00,1999,61361,420,8358,4967,18,8,9,8
MariMa01,2015,2818,19,370,230,0,0,0,1
MariMa01,2016,6244,45,821,506,0,0,0,1
MariMa01,2017,9476,58,1274,787,2,1,0,1
MariMa01,2018,12004,69,1605,1015,2,1,0,1
MariMa01,2019,13207,76,1765,1110,2,1,0,1
MariMa01,2020,13433,77,1793,1127,2,1,0,1
MariMa01,2021,13437,77,1795,1128,2,1,0,1
MayfBa00,2018,3725,27,486,310,0,0,0,1
MayfBa00,2019,7552,49,1020,627,0,0,0,1
MayfBa00,2020,11115,75,1506,932,2,1,0,1
MayfBa00,2021,14125,92,1924,1185,2,1,0,1
McMaJi00,1982,1501,9,210,120,0,0,0,3
McMaJi00,1983,3685,21,505,295,0,0,0,3
McMaJi00,1984,4831,29,648,380,0,0,0,3
McMaJi00,1985,7223,44,961,558,3,3,1,3
McMaJi00,1986,8218,49,1111,635,3,3,1,3
McMaJi00,1987,9857,61,1321,760,4,3,1,3
McMaJi00,1988,11203,67,1513,874,5,3,1,3
McMaJi00,1989,13335,77,1831,1050,5,3,1,3
McMaJi00,1990,13398,77,1840,1056,5,3,1,3
McMaJi00,1991,15637,89,2151,1243,5,3,1,3
McMaJi00,1992,15916,90,2194,1265,5,3,1,3
McMaJi00,1993,17884,99,2525,1465,6,3,1,3
McMaJi00,1994,18103,100,2568,1488,6,3,1,3
McMaJi00,1995,18109,100,2569,1489,6,3,1,3
McMaJi00,1996,18148,100,2573,1492,6,3,1,3
McNaDo00,1999,948,8,216,106,0,0,0,9
McNaDo00,2000,4313,29,785,436,2,1,1,9
McNaDo00,2001,7546,54,1278,721,5,3,2,9
McNaDo00,2002,9835,71,1639,932,7,4,3,9
McNaDo00,2003,13051,87,2117,1207,9,5,4,9
McNaDo00,2004,16926,118,2586,1507,12,7,5,9
McNaDo00,2005,19433,134,2943,1718,12,7,5,9
McNaDo00,2006,22080,152,3259,1898,12,7,5,9
McNaDo00,2007,25404,171,3732,2189,12,7,5,9
McNaDo00,2008,29320,194,4303,2534,15,9,5,9
McNaDo00,2009,32873,216,4746,2801,16,9,6,9
McNaDo00,2010,36250,230,5218,3076,16,9,6,9
McNaDo00,2011,37276,234,5374,3170,16,9,6,9
McNaSt00,1995,569,3,80,41,0,0,0,5
McNaSt00,1996,1766,9,223,129,0,0,0,5
McNaSt00,1997,4431,23,638,345,0,0,0,5
McNaSt00,1998,7659,38,1130,634,0,0,0,5
McNaSt00,1999,9838,50,1461,821,4,3,0,5
McNaSt00,2000,12685,65,1857,1069,5,3,1,5
McNaSt00,2001,16035,86,2288,1333,5,3,1,5
McNaSt00,2002,19422,108,2780,1634,7,4,1,5
McNaSt00,2003,22637,132,3180,1884,9,5,2,5
McNaSt00,2004,23980,140,3395,2013,9,5,2,5
McNaSt00,2005,27141,156,3871,2305,9,5,3,5
McNaSt00,2006,30191,172,4339,2600,10,5,3,5
McNaSt00,2007,31304,174,4544,2733,10,5,3,5
MereDo00,1960,281,2,68,29,0,0,0,1
MereDo00,1961,1442,11,250,123,0,0,0,1
MereDo00,1962,3121,26,462,228,0,0,0,1
MereDo00,1963,5502,43,772,395,0,0,0,1
MereDo00,1964,7645,52,1095,553,0,0,0,1
MereDo00,1965,10060,74,1400,694,0,0,0,1
MereDo00,1966,12865,98,1744,871,1,0,1,1
MereDo00,1967,14699,114,1999,999,3,1,2,1
MereDo00,1968,17199,135,2308,1170,4,1,3,1
MillCh00,1987,552,1,92,39,0,0,0,1
MillCh00,1988,2685,12,443,223,0,0,0,1
MillCh00,1989,6144,28,969,503,0,0,0,1
MillCh00,1990,8879,45,1357,725,0,0,0,1
MillCh00,1991,11982,71,1770,945,2,1,1,1
MillCh00,1992,13721,86,2023,1097,2,1,1,1
MillCh00,1993,14066,87,2089,1129,2,1,1,1
MillCh00,1994,16170,103,2406,1302,2,1,1,1
MillCh00,1995,18793,121,2811,1534,2,1,1,1
MillCh00,1996,18793,121,2811,1534,2,1,1,1
MillCh00,1997,18793,121,2811,1534,2,1,1,1
MillCh00,1998,18793,121,2811,1534,2,1,1,1
MillCh00,1999,19320,123,2892,1580,2,1,1,1
MontJo01,1979,96,1,23,13,0,0,0,16
MontJo01,1980,1891,16,296,189,0,0,0,16
MontJo01,1981,5456,35,784,500,3,3,1,16
MontJo01,1982,8069,52,1130,713,3,3,1,16
MontJo01,1983,11979,78,1645,1045,5,4,2,16
MontJo01,1984,15609,106,2077,1324,8,7,3,16
MontJo01,1985,19262,133,2571,1627,9,7,4,16
MontJo01,1986,21498,141,2878,1818,10,7,4,16
MontJo01,1987,24552,172,3276,2084,11,7,5,16
MontJo01,1988,27533,190,3673,2322,14,10,5,16
MontJo01,1989,31054,216,4059,2593,17,13,6,16
MontJo01,1990,34998,242,4579,2914,19,14,7,16
MontJo01,1991,34998,242,4579,2914,19,14,7,16
MontJo01,1992,35124,244,4600,2929,19,14,7,16
MontJo01,1993,37268,257,4898,3110,22,16,8,16
MontJo01,1994,40551,273,5391,3409,23,16,8,16
MoonWa00,1984,3338,12,450,259,0,0,0,3
MoonWa00,1985,6047,27,827,459,0,0,0,3
MoonWa00,1986,9536,40,1315,715,0,0,0,3
MoonWa00,1987,12342,61,1683,899,2,1,0,3
MoonWa00,1988,14669,78,1977,1059,4,2,1,3
MoonWa00,1989,18300,101,2441,1339,5,2,2,3
MoonWa00,1990,22989,134,3025,1701,5,2,3,3
MoonWa00,1991,27679,157,3680,2105,7,3,4,3
MoonWa00,1992,30200,175,4026,2329,8,3,5,3
MoonWa00,1993,33685,196,4546,2632,9,3,6,3
MoonWa00,1994,37949,214,5147,3003,10,3,7,3
MoonWa00,1995,42177,247,5753,3380,10,3,8,3
MoonWa00,1996,43787,254,6000,3514,10,3,8,3
MoonWa00,1997,47465,279,6528,3827,10,3,9,3
MoonWa00,1998,49097,290,6786,3972,10,3,9,3
MoonWa00,1999,49117,290,6789,3973,10,3,9,3
MoonWa00,2000,49325,291,6823,3988,10,3,9,3
MorrEa00,1956,621,1,78,38,0,0,0,4
MorrEa00,1957,2521,12,367,177,0,0,1,4
MorrEa00,1958,2984,17,445,202,0,0,1,4
MorrEa00,1959,4086,22,582,267,0,0,1,4
MorrEa00,1960,4509,26,631,299,0,0,1,4
MorrEa00,1961,5418,33,781,368,0,0,1,4
MorrEa00,1962,5867,37,833,400,0,0,1,4
MorrEa00,1963,8488,61,1161,574,0,0,1,4
MorrEa00,1964,9076,65,1252,624,0,0,1,4
MorrEa00,1965,11522,87,1554,779,0,0,1,4
MorrEa00,1966,12627,94,1705,850,0,0,1,4
MorrEa00,1967,12808,97,1729,863,0,0,1,4
MorrEa00,1968,15717,123,2046,1045,3,2,2,4
MorrEa00,1969,16472,128,2145,1091,3,2,2,4
MorrEa00,1970,17264,137,2238,1142,3,2,2,4
MorrEa00,1971,18474,144,2405,1226,3,2,2,4
MorrEa00,1972,19834,155,2555,1309,5,4,2,4
MorrEa00,1973,20087,155,2593,1326,5,4,2,4
MorrEa00,1974,20388,157,2620,1343,5,4,2,4
MorrEa00,1975,20661,160,2663,1369,5,4,2,4
MorrEa00,1976,20809,161,2689,1379,5,4,2,4
MortCr00,1965,173,2,34,17,0,0,0,5
MortCr00,1966,398,5,61,30,0,0,0,5
MortCr00,1967,1376,15,198,99,0,0,0,5
MortCr00,1968,2128,19,283,143,0,0,0,5
MortCr00,1969,4747,40,585,305,1,0,0,5
MortCr00,1970,6566,55,792,407,4,2,0,5
MortCr00,1971,7697,62,935,485,4,2,0,5
MortCr00,1972,10093,77,1274,670,5,3,0,5
MortCr00,1973,10267,80,1306,683,5,3,0,5
MortCr00,1974,11789,89,1545,807,5,3,0,5
MortCr00,1975,14148,100,1908,993,5,3,0,5
MortCr00,1976,16013,109,2192,1146,5,3,0,5
MortCr00,1977,17942,123,2446,1277,8,5,0,5
MortCr00,1978,19744,134,2713,1423,9,5,0,5
MortCr00,1979,22370,150,3083,1627,10,5,0,5
MortCr00,1980,24520,162,3384,1810,10,5,0,5
MortCr00,1981,27715,183,3760,2035,10,5,0,5
MortCr00,1982,27908,183,3786,2053,10,5,0,5
NelsBi00,1963,0,0,2,0,0,0,0,2
NelsBi00,1964,276,2,44,16,0,0,0,2
NelsBi00,1965,2193,10,314,137,0,0,0,2
NelsBi00,1966,3315,17,426,200,0,0,0,2
NelsBi00,1967,4440,27,591,274,0,0,0,2
NelsBi00,1968,6806,46,884,426,2,1,0,2
NelsBi00,1969,9549,69,1236,616,4,2,1,2
NelsBi00,1970,11705,85,1549,775,4,2,1,2
NelsBi00,1971,14024,98,1874,949,5,2,1,2
NelsBi00,1972,14165,98,1905,963,5,2,1,2
NewtCa00,2011,4051,21,517,310,0,0,1,3
NewtCa00,2012,7920,40,1002,590,0,0,1,3
NewtCa00,2013,11299,64,1475,882,1,0,2,3
NewtCa00,2014,14426,82,1923,1144,3,1,2,3
NewtCa00,2015,18263,117,2418,1440,6,3,3,3
NewtCa00,2016,21772,136,2928,1710,6,3,3,3
NewtCa00,2017,25074,158,3420,2001,7,3,3,3
NewtCa00,2018,28469,182,3891,2321,7,3,3,3
NewtCa00,2019,29041,182,3980,2371,7,3,3,3
NewtCa00,2020,31698,190,4348,2613,7,3,3,3
NewtCa00,2021,32382,194,4474,2682,7,3,3,3
ODonNe00,1991,1963,11,286,156,0,0,0,3
ODonNe00,1992,4246,24,599,341,1,0,1,3
ODonNe00,1993,7454,38,1085,611,2,0,1,3
ODonNe00,1994,9897,51,1455,823,4,1,1,3
ODonNe00,1995,12867,68,1871,1069,7,3,1,3
ODonNe00,1996,14014,72,2059,1179,7,3,1,3
ODonNe00,1997,16810,89,2519,1438,7,3,1,3
ODonNe00,1998,19026,104,2862,1650,7,3,1,3
ODonNe00,1999,20408,114,3057,1766,7,3,1,3
ODonNe00,2000,20938,116,3121,1802,7,3,1,3
ODonNe00,2001,21434,118,3197,1844,7,3,1,3
ODonNe00,2002,21458,118,3202,1847,7,3,1,3
ODonNe00,2003,21690,120,3229,1865,7,3,1,3
OsweBr00,2012,12,0,4,2,0,0,0,1
OsweBr00,2013,107,0,20,13,0,0,0,1
OsweBr00,2014,159,1,30,17,0,0,0,1
OsweBr00,2015,2126,11,305,187,0,0,0,1
OsweBr00,2016,5083,26,815,488,2,1,0,1
OsweBr00,2017,6171,31,987,584,2,1,0,1
OsweBr00,2018,7418,37,1165,697,2,1,0,1
PalmCa00,2004,2897,18,432,263,0,0,0,1
PalmCa00,2005,6733,50,941,608,1,0,1,1
PalmCa00,2006,10768,78,1461,932,1,0,2,1
PalmCa00,2007,14899,104,2036,1305,1,0,2,1
PalmCa00,2008,15630,107,2165,1380,1,0,2,1
PalmCa00,2009,18724,128,2631,1662,2,0,2,1
PalmCa00,2010,22694,154,3217,2024,2,0,2,1
PalmCa00,2011,25447,167,3545,2223,2,0,2,1
PalmCa00,2012,29465,189,4110,2568,2,0,2,1
PalmCa00,2013,33739,213,4682,2930,2,0,2,1
PalmCa00,2014,35365,224,4906,3071,2,0,2,1
PalmCa00,2015,40036,259,5443,3413,4,1,3,1
PalmCa00,2016,44269,285,6040,3777,4,1,3,1
PalmCa00,2017,46247,294,6307,3941,4,1,3,1
PastDa00,1971,1702,7,270,127,0,0,0,3
PastDa00,1972,3413,14,569,271,0,0,0,3
PastDa00,1973,4895,19,859,425,0,0,0,3
PastDa00,1974,6466,29,1106,565,0,0,0,3
PastDa00,1975,8519,43,1448,728,0,0,1,3
PastDa00,1976,10314,53,1757,895,0,0,1,3
PastDa00,1977,12301,66,2076,1064,0,0,1,3
PastDa00,1978,14774,82,2444,1263,3,2,1,3
PastDa00,1979,16864,96,2768,1426,5,3,1,3
PastDa00,1980,17796,101,2898,1492,5,3,1,3
PastDa00,1981,18515,103,3050,1556,5,3,1,3
PastDa00,1982,18515,103,3050,1556,5,3,1,3
PastDa00,1983,18515,103,3055,1556,5,3,1,3
PeetRo00,1989,1479,5,195,103,0,0,0,1
PeetRo00,1990,3453,18,466,245,0,0,0,1
PeetRo00,1991,4792,23,660,361,0,0,0,1
PeetRo00,1992,6494,32,873,484,0,0,0,1
PeetRo00,1993,8164,38,1125,641,0,0,0,1
PeetRo00,1994,8634,42,1181,674,0,0,0,1
PeetRo00,1995,10960,50,1556,889,2,1,0,1
PeetRo00,1996,11952,53,1690,969,2,1,0,1
PeetRo00,1997,12821,57,1808,1037,2,1,0,1
PeetRo00,1998,13579,59,1937,1108,2,1,0,1
PeetRo00,1999,13686,61,1954,1116,2,1,0,1
PeetRo00,2000,13686,61,1954,1116,2,1,0,1
PeetRo00,2001,13686,61,1954,1116,2,1,0,1
PeetRo00,2002,16316,76,2335,1339,2,1,0,1
PeetRo00,2003,16335,76,2345,1343,2,1,0,1
PeetRo00,2004,16338,76,2346,1344,2,1,0,1
PennCh01,2000,67,1,5,2,0,0,0,2
PennCh01,2001,159,2,25,12,0,0,0,2
PennCh01,2002,3279,24,424,287,2,1,0,2
PennCh01,2003,5418,37,721,476,2,1,0,2
PennCh01,2004,8091,53,1091,718,4,2,0,2
PennCh01,2005,8621,55,1174,767,4,2,0,2
PennCh01,2006,11973,72,1659,1080,5,2,0,2
PennCh01,2007,13738,82,1919,1259,5,2,0,2
PennCh01,2008,17391,101,2395,1580,6,2,0,2
PennCh01,2009,17804,102,2469,1631,6,2,0,2
PennCh01,2010,17823,102,2471,1632,6,2,0,2
PlumJa00,1997,2203,15,296,157,0,0,0,2
PlumJa00,1998,5940,32,843,481,2,1,0,2
PlumJa00,1999,8051,41,1224,682,2,1,0,2
PlumJa00,2000,10997,54,1699,952,2,1,0,2
PlumJa00,2001,14650,72,2224,1256,2,1,0,2
PlumJa00,2002,17622,90,2754,1540,2,1,0,2
PlumJa00,2003,19804,105,3056,1729,3,1,0,2
PlumJa00,2004,23893,132,3577,2032,4,1,0,2
PlumJa00,2005,27259,150,4033,2309,6,2,1,2
PlumJa00,2006,29253,161,4350,2484,6,2,1,2
PlunJi00,1971,2158,19,328,158,0,0,0,8
PlunJi00,1972,4354,27,683,327,0,0,0,8
PlunJi00,1973,6904,40,1059,520,0,0,0,8
PlunJi00,1974,9361,59,1411,693,0,0,0,8
PlunJi00,1975,9932,62,1503,729,0,0,0,8
PlunJi00,1976,11524,75,1746,855,0,0,0,8
PlunJi00,1977,13217,84,1994,983,0,0,0,8
PlunJi00,1978,13217,84,1994,983,0,0,0,8
PlunJi00,1979,13306,85,2009,990,0,0,0,8
PlunJi00,1980,15605,103,2329,1155,4,4,0,8
PlunJi00,1981,16650,107,2508,1249,4,4,0,8
PlunJi00,1982,18685,121,2769,1401,6,5,0,8
PlunJi00,1983,21620,141,3148,1631,9,8,0,8
PlunJi00,1984,23093,147,3346,1739,10,8,0,8
PlunJi00,1985,23896,150,3449,1810,10,8,0,8
PlunJi00,1986,25882,164,3701,1943,10,8,0,8
PresDa01,2016,3667,23,459,311,1,0,1,1
PresDa01,2017,6991,45,949,619,1,0,1,1
PresDa01,2018,10876,67,1475,975,3,1,2,1
PresDa01,2019,15778,97,2071,1363,3,1,2,1
PresDa01,2020,17634,106,2293,1514,3,1,2,1
PresDa01,2021,22083,143,2889,1924,4,1,3,1
ReicFr00,1985,19,0,1,1,0,0,0,2
ReicFr00,1986,123,0,20,10,0,0,0,2
ReicFr00,1987,123,0,20,10,0,0,0,2
ReicFr00,1988,123,0,20,10,0,0,0,2
ReicFr00,1989,824,7,107,63,0,0,0,2
ReicFr00,1990,1293,9,170,99,0,0,0,2
ReicFr00,1991,1598,15,211,126,0,0,0,2
ReicFr00,1992,1819,15,258,150,2,2,0,2
ReicFr00,1993,1972,17,284,166,2,2,0,2
ReicFr00,1994,2540,18,377,222,2,2,0,2
ReicFr00,1995,2981,20,461,259,2,2,0,2
ReicFr00,1996,5186,35,792,434,2,2,0,2
ReicFr00,1997,5307,35,822,445,2,2,0,2
ReicFr00,1998,6075,40,932,508,2,2,0,2
RivePh00,2004,33,1,8,5,0,0,0,5
RivePh00,2005,148,1,30,17,0,0,0,5
RivePh00,2006,3536,23,490,301,1,0,1,5
RivePh00,2007,6688,44,950,578,4,2,1,5
RivePh00,2008,10697,78,1428,890,6,3,1,5
RivePh00,2009,14951,106,1914,1207,7,3,2,5
RivePh00,2010,19661,136,2455,1564,7,3,3,5
RivePh00,2011,24285,163,3037,1930,7,3,4,5
RivePh00,2012,27891,189,3564,2268,7,3,4,5
RivePh00,2013,32369,221,4108,2646,9,4,5,5
RivePh00,2014,36655,252,4678,3025,9,4,5,5
RivePh00,2015,41447,281,5339,3462,9,4,5,5
RivePh00,2016,45833,314,5917,3811,9,4,6,5
RivePh00,2017,50348,342,6492,4171,9,4,7,5
RivePh00,2018,54656,374,7000,4518,11,5,8,5
RivePh00,2019,59271,397,7591,4908,11,5,8,5
RivePh00,2020,63440,421,8134,5277,12,5,8,5
RodgAa00,2005,65,0,16,9,0,0,0,11
RodgAa00,2006,111,0,31,15,0,0,0,11
RodgAa00,2007,329,1,59,35,0,0,0,11
RodgAa00,2008,4367,29,595,376,0,0,0,11
RodgAa00,2009,8801,59,1136,726,1,0,1,11
RodgAa00,2010,12723,87,1611,1038,5,4,1,11
RodgAa00,2011,17366,132,2113,1381,6,4,2,11
RodgAa00,2012,21661,171,2665,1752,8,5,3,11
RodgAa00,2013,24197,188,2955,1945,9,5,3,11
RodgAa00,2014,28578,226,3475,2286,11,6,4,11
RodgAa00,2015,32399,257,4047,2633,13,7,5,11
RodgAa00,2016,36827,297,4657,3034,16,9,6,11
RodgAa00,2017,38502,313,4895,3188,16,9,6,11
RodgAa00,2018,42944,338,5492,3560,16,9,7,11
RodgAa00,2019,46946,364,6061,3913,18,10,8,11
RodgAa00,2020,51245,412,6587,4285,20,11,9,11
RodgAa00,2021,55360,449,7118,4651,21,11,10,11
RoetBe00,2004,2621,17,295,196,2,1,0,13
RoetBe00,2005,5006,34,563,364,6,5,0,13
RoetBe00,2006,8519,52,1032,644,6,5,0,13
RoetBe00,2007,11673,84,1436,908,7,5,1,13
RoetBe00,2008,14974,101,1905,1189,10,8,1,13
RoetBe00,2009,19302,127,2411,1526,10,8,1,13
RoetBe00,2010,22502,144,2800,1766,13,10,1,13
RoetBe00,2011,26579,165,3313,2090,14,10,2,13
RoetBe00,2012,29844,191,3762,2374,14,10,2,13
RoetBe00,2013,34105,219,4346,2749,14,10,2,13
RoetBe00,2014,39057,251,4954,3157,15,10,3,13
RoetBe00,2015,42995,272,5423,3476,17,11,4,13
RoetBe00,2016,46814,301,5932,3804,20,13,5,13
RoetBe00,2017,51065,329,6493,4164,21,13,6,13
RoetBe00,2018,56194,363,7168,4616,21,13,6,13
RoetBe00,2019,56545,363,7230,4651,21,13,6,13
RoetBe00,2020,60348,396,7838,5050,22,13,6,13
RoetBe00,2021,64088,418,8443,5440,23,13,6,13
RomoTo00,2006,2903,19,337,220,1,0,1,2
RomoTo00,2007,7114,55,857,555,2,0,2,2
RomoTo00,2008,10562,81,1307,831,2,0,2,2
RomoTo00,2009,15045,107,1857,1178,4,1,3,2
RomoTo00,2010,16650,118,2070,1326,4,1,3,2
RomoTo00,2011,20834,149,2592,1672,4,1,3,2
RomoTo00,2012,25737,177,3240,2097,4,1,3,2
RomoTo00,2013,29565,208,3775,2439,4,1,3,2
RomoTo00,2014,33270,242,4210,2743,6,2,4,2
RomoTo00,2015,34154,247,4331,2826,6,2,4,2
RomoTo00,2016,34183,248,4335,2829,6,2,4,2
RoteTo00,1950,1231,7,224,83,0,0,0,2
RoteTo00,1951,2771,22,480,189,0,0,0,2
RoteTo00,1952,4039,35,637,271,0,0,0,2
RoteTo00,1953,5044,40,822,343,0,0,0,2
RoteTo00,1954,7355,54,1204,523,0,0,0,2
RoteTo00,1955,9332,71,1546,680,0,0,0,2
RoteTo00,1956,11535,89,1854,826,0,0,1,2
RoteTo00,1957,12605,100,2031,902,2,2,1,2
RoteTo00,1958,14283,114,2288,1020,2,2,1,2
RoteTo00,1959,15144,119,2450,1082,2,2,1,2
RyanFr00,1958,34,1,14,5,0,0,0,1
RyanFr00,1959,743,3,103,47,0,0,0,1
RyanFr00,1960,1559,10,231,109,0,0,0,1
RyanFr00,1961,2674,15,373,181,0,0,0,1
RyanFr00,1962,4215,25,567,293,0,0,0,1
RyanFr00,1963,6241,50,823,428,0,0,0,1
RyanFr00,1964,8645,75,1157,602,1,1,1,1
RyanFr00,1965,10396,93,1400,721,2,1,2,1
RyanFr00,1966,13370,122,1782,921,2,1,3,1
RyanFr00,1967,15396,142,2062,1057,3,1,3,1
RyanFr00,1968,16035,149,2128,1088,3,1,3,1
RyanFr00,1969,16039,149,2129,1089,3,1,3,1
RyanFr00,1970,16042,149,2133,1090,3,1,3,1
RyanMa00,2008,3440,16,434,265,1,0,0,4
RyanMa00,2009,6356,38,885,528,1,0,0,4
RyanMa00,2010,10061,66,1456,885,2,0,1,4
RyanMa00,2011,14238,95,2022,1232,3,0,1,4
RyanMa00,2012,18957,127,2637,1654,5,1,2,4
RyanMa00,2013,23472,153,3288,2093,5,1,2,4
RyanMa00,2014,28166,181,3916,2508,5,1,3,4
RyanMa00,2015,32757,202,4530,2915,5,1,3,4
RyanMa00,2016,37701,240,5064,3288,8,3,4,4
RyanMa00,2017,41796,260,5593,3630,10,4,4,4
RyanMa00,2018,46720,295,6201,4052,10,4,4,4
RyanMa00,2019,51186,321,6817,4460,10,4,4,4
RyanMa00,2020,55767,347,7443,4867,10,4,4,4
RyanMa00,2021,59735,367,8003,5242,10,4,4,4
RyanPa00,1978,106,0,14,9,0,0,0,1
RyanPa00,1979,119,0,18,11,0,0,0,1
RyanPa00,1980,119,0,18,11,0,0,0,1
RyanPa00,1981,167,1,28,15,0,0,0,1
RyanPa00,1982,313,3,46,27,0,0,0,1
RyanPa00,1983,572,5,86,48,0,0,0,1
RyanPa00,1984,2511,19,371,204,0,0,0,1
RyanPa00,1985,2606,19,380,210,0,0,0,1
RyanPa00,1986,2948,21,435,244,2,1,0,1
RyanPa00,1987,3262,25,488,276,2,1,0,1
RyanPa00,1988,4069,30,601,339,2,1,0,1
RyanPa00,1989,4222,31,631,354,2,1,0,1
RyanPa00,1990,4222,31,631,354,2,1,0,1
RyanPa00,1991,4320,31,657,364,2,1,0,1
RypiMa00,1988,1730,18,208,114,0,0,0,5
RypiMa00,1989,5498,40,684,394,0,0,1,5
RypiMa00,1990,7568,56,988,560,2,1,1,5
RypiMa00,1991,11132,84,1409,809,5,4,2,5
RypiMa00,1992,14414,97,1888,1078,7,5,2,5
RypiMa00,1993,15928,101,2207,1244,7,5,2,5
RypiMa00,1994,16622,105,2335,1303,7,5,2,5
RypiMa00,1995,18070,114,2552,1432,7,5,2,5
RypiMa00,1996,18146,115,2565,1442,7,5,2,5
RypiMa00,1997,18416,115,2604,1461,7,5,2,5
RypiMa00,1998,18416,115,2604,1461,7,5,2,5
RypiMa00,1999,18416,115,2604,1461,7,5,2,5
RypiMa00,2000,18416,115,2604,1461,7,5,2,5
RypiMa00,2001,18473,115,2613,1466,7,5,2,5
SancMa00,2009,2444,12,364,196,3,2,0,4
SancMa00,2010,5735,29,871,474,6,4,0,4
SancMa00,2011,9209,55,1414,782,6,4,0,4
SancMa00,2012,12092,68,1867,1028,6,4,0,4
SancMa00,2013,12092,68,1867,1028,6,4,0,4
SancMa00,2014,14510,82,2176,1226,6,4,0,4
SancMa00,2015,15126,86,2267,1285,6,4,0,4
SancMa00,2016,15219,86,2285,1295,6,4,0,4
SancMa00,2017,15219,86,2285,1295,6,4,0,4
SancMa00,2018,15357,86,2320,1314,6,4,0,4
SchaMa00,2004,330,1,70,33,0,0,0,1
SchaMa00,2005,825,5,134,66,0,0,0,1
SchaMa00,2006,1033,6,161,84,0,0,0,1
SchaMa00,2007,3274,15,450,276,0,0,0,1
SchaMa00,2008,6317,30,830,527,0,0,0,1
SchaMa00,2009,11087,59,1413,923,0,0,1,1
SchaMa00,2010,15457,83,1987,1288,0,0,1,1
SchaMa00,2011,17936,98,2279,1466,0,0,1,1
SchaMa00,2012,21944,120,2823,1816,2,1,2,1
SchaMa00,2013,24254,130,3181,2035,2,1,2,1
SchaMa00,2014,24311,130,3191,2040,2,1,2,1
SchaMa00,2015,24851,133,3271,2092,2,1,2,1
SchaMa00,2016,24867,133,3274,2093,2,1,2,1
SchaMa00,2017,24867,133,3274,2093,2,1,2,1
SchaMa00,2018,24887,133,3281,2098,2,1,2,1
SchaMa00,2019,25467,136,3348,2148,2,1,2,1
SchrJa00,1985,1458,5,209,112,0,0,0,3
SchrJa00,1986,5567,27,750,388,3,2,1,3
SchrJa00,1987,7445,39,1017,517,3,2,1,3
SchrJa00,1988,9284,52,1273,630,3,2,1,3
SchrJa00,1989,10834,60,1467,721,3,2,1,3
SchrJa00,1990,13683,79,1801,903,5,3,1,3
SchrJa00,1991,16245,94,2158,1092,5,3,1,3
SchrJa00,1992,17721,105,2411,1215,5,3,1,3
SchrJa00,1993,18553,110,2570,1293,5,3,1,3
SchrJa00,1994,20063,114,2808,1426,5,3,1,3
SimmPh00,1979,1743,13,265,134,0,0,0,6
SimmPh00,1980,4064,28,667,327,0,0,0,6
SimmPh00,1981,6095,39,983,499,0,0,0,6
SimmPh00,1982,6095,39,983,499,0,0,0,6
SimmPh00,1983,6225,39,996,506,0,0,0,6
SimmPh00,1984,10269,61,1529,792,2,1,0,6
SimmPh00,1985,14098,83,2024,1067,4,2,1,6
SimmPh00,1986,17585,104,2492,1326,7,5,1,6
SimmPh00,1987,19815,121,2774,1489,7,5,1,6
SimmPh00,1988,23174,142,3253,1752,7,5,1,6
SimmPh00,1989,26235,156,3658,1980,8,5,1,6
SimmPh00,1990,28519,171,3969,2164,8,5,1,6
SimmPh00,1991,29512,179,4110,2246,8,5,1,6
SimmPh00,1992,30424,184,4247,2329,8,5,1,6
SimmPh00,1993,33462,199,4647,2576,10,6,2,6
SmitAl03,2005,875,1,165,84,0,0,0,2
SmitAl03,2006,3765,17,607,341,0,0,0,2
SmitAl03,2007,4679,19,800,435,0,0,0,2
SmitAl03,2008,4679,19,800,435,0,0,0,2
SmitAl03,2009,7029,37,1172,660,0,0,0,2
SmitAl03,2010,9399,51,1514,864,0,0,0,2
SmitAl03,2011,12543,68,1959,1137,2,1,0,2
SmitAl03,2012,14280,81,2177,1290,2,1,0,2
SmitAl03,2013,17593,104,2685,1598,3,1,1,2
SmitAl03,2014,20858,122,3149,1901,3,1,1,2
SmitAl03,2015,24344,142,3619,2208,5,2,1,2
SmitAl03,2016,27846,157,4108,2536,6,2,2,2
SmitAl03,2017,31888,183,4613,2877,7,2,3,2
SmitAl03,2018,34068,193,4941,3082,7,2,3,2
SmitAl03,2019,34068,193,4941,3082,7,2,3,2
SmitAl03,2020,35650,199,5193,3250,7,2,3,2
StabKe00,1970,52,0,7,2,0,0,0,7
StabKe00,1971,320,1,55,26,0,0,0,7
StabKe00,1972,844,5,129,70,0,0,0,7
StabKe00,1973,2841,19,389,233,2,1,1,7
StabKe00,1974,5310,45,699,411,4,2,2,7
StabKe00,1975,7606,61,992,582,6,3,2,7
StabKe00,1976,10343,88,1283,776,9,6,3,7
StabKe00,1977,12519,108,1577,945,11,7,4,7
StabKe00,1978,15463,124,1983,1182,11,7,4,7
StabKe00,1979,19078,150,2481,1486,11,7,4,7
StabKe00,1980,22280,163,2938,1779,12,7,4,7
StabKe00,1981,24268,177,3223,1944,12,7,4,7
StabKe00,1982,25611,183,3412,2061,12,7,4,7
StabKe00,1983,27599,192,3723,2237,12,7,4,7
StabKe00,1984,27938,194,3793,2270,12,7,4,7
StafMa00,2009,2267,13,377,201,0,0,0,3
StafMa00,2010,2802,19,473,258,0,0,0,3
StafMa00,2011,7840,60,1136,679,1,0,0,3
StafMa00,2012,12807,80,1863,1114,1,0,0,3
StafMa00,2013,17457,109,2497,1485,1,0,0,3
StafMa00,2014,21714,131,3099,1848,2,0,1,3
StafMa00,2015,25976,163,3691,2246,2,0,1,3
StafMa00,2016,30303,187,4285,2634,3,0,1,3
StafMa00,2017,34749,216,4850,3005,3,0,1,3
StafMa00,2018,38526,237,5405,3372,3,0,1,3
StafMa00,2019,41025,256,5696,3559,3,0,1,3
StafMa00,2020,45109,282,6224,3898,3,0,1,3
StafMa00,2021,49995,323,6825,4302,6,3,1,3
StarBa00,1956,325,2,44,24,0,0,0,9
StarBa00,1957,1814,10,259,141,0,0,0,9
StarBa00,1958,2689,13,416,219,0,0,0,9
StarBa00,1959,3661,19,550,289,0,0,0,9
StarBa00,1960,5019,23,722,387,1,0,1,9
StarBa00,1961,7437,39,1017,559,2,1,2,9
StarBa00,1962,9875,51,1302,737,3,2,3,9
StarBa00,1963,11730,66,1546,869,3,2,3,9
StarBa00,1964,13874,81,1818,1032,3,2,3,9
StarBa00,1965,15929,97,2069,1172,5,4,3,9
StarBa00,1966,18186,111,2320,1328,7,6,4,9
StarBa00,1967,20009,120,2530,1443,10,9,4,9
StarBa00,1968,21626,135,2701,1552,10,9,4,9
StarBa00,1969,22787,144,2849,1644,10,9,4,9
StarBa00,1970,24432,152,3104,1784,10,9,4,9
StarBa00,1971,24718,152,3149,1808,10,9,4,9
StauRo00,1969,421,1,47,23,0,0,0,11
StauRo00,1970,963,3,129,67,0,0,0,11
StauRo00,1971,2845,18,340,193,3,3,1,11
StauRo00,1972,2943,18,360,202,4,3,1,11
StauRo00,1973,5371,41,646,381,6,4,1,11
StauRo00,1974,7923,52,1006,571,6,4,1,11
StauRo00,1975,10589,69,1354,769,9,6,2,11
StauRo00,1976,13304,83,1723,977,10,6,3,11
StauRo00,1977,15924,101,2084,1187,13,9,4,11
StauRo00,1978,19114,126,2497,1418,16,11,5,11
StauRo00,1979,22700,153,2958,1685,17,11,6,11
StewKo00,1995,60,1,7,5,0,0,0,2
StewKo00,1996,160,1,37,16,0,0,0,2
StewKo00,1997,3180,22,477,252,2,1,0,2
StewKo00,1998,5740,33,935,504,2,1,0,2
StewKo00,1999,7204,39,1210,664,2,1,0,2
StewKo00,2000,9064,50,1499,815,2,1,0,2
StewKo00,2001,12173,64,1941,1081,4,2,1,2
StewKo00,2002,13328,70,2107,1190,4,2,1,2
StewKo00,2003,14746,77,2358,1316,4,2,1,2
TannRy00,2012,3294,12,484,282,0,0,0,2
TannRy00,2013,7207,36,1072,637,0,0,0,2
TannRy00,2014,11252,63,1662,1029,0,0,0,2
TannRy00,2015,15460,87,2248,1392,0,0,0,2
TannRy00,2016,18455,106,2637,1653,0,0,0,2
TannRy00,2017,18455,106,2637,1653,0,0,0,2
TannRy00,2018,20434,123,2911,1829,0,0,0,2
TannRy00,2019,23176,145,3197,2030,3,2,1,2
TannRy00,2020,26995,178,3678,2345,4,2,1,2
TannRy00,2021,30729,199,4209,2702,5,2,1,2
TarkFr00,1961,1997,18,280,157,0,0,0,6
TarkFr00,1962,4592,40,609,320,0,0,0,6
TarkFr00,1963,6903,55,906,490,0,0,0,6
TarkFr00,1964,9409,77,1212,661,0,0,1,6
TarkFr00,1965,12018,96,1541,832,0,0,2,6
TarkFr00,1966,14579,113,1899,1024,0,0,2,6
TarkFr00,1967,17667,142,2276,1228,0,0,3,6
TarkFr00,1968,20222,163,2613,1410,0,0,4,6
TarkFr00,1969,23140,186,3022,1630,0,0,5,6
TarkFr00,1970,25917,205,3411,1849,0,0,6,6
TarkFr00,1971,28484,216,3797,2075,0,0,6,6
TarkFr00,1972,31135,234,4175,2290,0,0,6,6
TarkFr00,1973,33248,249,4449,2459,3,2,6,6
TarkFr00,1974,35846,266,4800,2658,6,4,7,6
TarkFr00,1975,38840,291,5225,2931,7,4,8,6
TarkFr00,1976,41801,308,5637,3186,10,6,9,6
TarkFr00,1977,43535,317,5895,3341,10,6,9,6
TarkFr00,1978,47003,342,6467,3686,11,6,9,6
TestVi00,1987,1081,5,165,71,0,0,0,2
TestVi00,1988,4321,18,631,293,0,0,0,2
TestVi00,1989,7454,38,1111,551,0,0,0,2
TestVi00,1990,10272,55,1476,754,0,0,0,2
TestVi00,1991,12266,63,1802,920,0,0,0,2
TestVi00,1992,14820,77,2160,1126,0,0,0,2
TestVi00,1993,16617,91,2390,1256,0,0,0,2
TestVi00,1994,19192,107,2766,1463,2,1,0,2
TestVi00,1995,22075,124,3158,1704,2,1,0,2
TestVi00,1996,26252,157,3707,2029,2,1,1,2
TestVi00,1997,29223,175,4177,2300,2,1,1,2
TestVi00,1998,32479,204,4598,2559,4,2,2,2
TestVi00,1999,32575,205,4613,2569,4,2,2,2
TestVi00,2000,36307,226,5203,2897,4,2,2,2
TestVi00,2001,39059,241,5644,3157,5,2,2,2
TestVi00,2002,39558,244,5727,3211,5,2,2,2
TestVi00,2003,40943,251,5925,3334,5,2,2,2
TestVi00,2004,44475,268,6420,3631,5,2,2,2
TestVi00,2005,45252,269,6526,3691,5,2,2,2
TestVi00,2006,45281,270,6529,3693,5,2,2,2
TestVi00,2007,46233,275,6701,3787,5,2,2,2
TheiJo00,1974,145,1,11,9,0,0,0,6
TheiJo00,1975,241,2,33,19,0,0,0,6
TheiJo00,1976,1277,10,196,98,0,0,0,6
TheiJo00,1977,2374,17,378,182,0,0,0,6
TheiJo00,1978,4967,30,768,369,0,0,0,6
TheiJo00,1979,7764,50,1163,602,0,0,0,6
TheiJo00,1980,10726,67,1617,864,0,0,0,6
TheiJo00,1981,14294,86,2113,1157,0,0,0,6
TheiJo00,1982,16327,99,2365,1318,4,4,1,6
TheiJo00,1983,20041,128,2824,1594,7,6,2,6
TheiJo00,1984,23432,152,3301,1877,8,6,2,6
TheiJo00,1985,25206,160,3602,2044,8,6,2,6
ToddRi00,1976,870,3,162,65,0,0,0,2
ToddRi00,1977,2733,14,427,198,0,0,0,2
ToddRi00,1978,3582,20,534,258,0,0,0,2
ToddRi00,1979,6242,36,868,429,0,0,0,2
ToddRi00,1980,9571,53,1347,693,0,0,0,2
ToddRi00,1981,12802,78,1844,972,1,0,0,2
ToddRi00,1982,14763,92,2105,1125,4,2,0,2
ToddRi00,1983,18241,110,2623,1433,4,2,0,2
ToddRi00,1984,20419,121,2935,1594,4,2,0,2
ToddRi00,1985,20610,124,2967,1610,4,2,0,2
TomcMi00,1985,33,0,6,2,0,0,0,3
TomcMi00,1986,1138,2,157,76,0,0,0,3
TomcMi00,1987,2358,7,335,173,0,0,0,3
TomcMi00,1988,3668,14,505,259,1,1,0,3
TomcMi00,1989,5726,30,811,415,1,1,0,3
TomcMi00,1990,6247,33,915,454,3,2,0,3
TomcMi00,1991,7737,44,1153,582,3,2,0,3
TomcMi00,1992,9430,51,1364,702,3,2,0,3
TomcMi00,1993,9828,53,1418,731,3,2,0,3
TomcMi00,1994,10632,57,1511,785,3,2,0,3
TomcMi00,1995,11298,58,1624,850,3,2,0,3
TomcMi00,1996,14065,73,2025,1072,5,3,0,3
TomcMi00,1997,14250,74,2049,1088,5,3,0,3
TomcMi00,1998,14454,76,2079,1109,5,3,0,3
TomcMi00,1999,16079,88,2337,1248,5,3,0,3
UnitJo00,1956,1498,9,198,110,0,0,0,6
UnitJo00,1957,4048,33,499,282,0,0,1,6
UnitJo00,1958,6055,52,762,418,1,1,2,6
UnitJo00,1959,8954,84,1129,611,2,2,3,6
UnitJo00,1960,12053,109,1507,801,2,2,4,6
UnitJo00,1961,15043,125,1927,1030,2,2,5,6
UnitJo00,1962,18010,148,2316,1252,2,2,6,6
UnitJo00,1963,21491,168,2726,1489,2,2,7,6
UnitJo00,1964,24315,187,3031,1647,3,2,8,6
UnitJo00,1965,26845,210,3313,1811,3,2,8,6
UnitJo00,1966,29593,232,3661,2006,3,2,9,6
UnitJo00,1967,33021,252,4097,2261,3,2,10,6
UnitJo00,1968,33160,254,4129,2272,3,2,10,6
UnitJo00,1969,35502,266,4456,2450,3,2,10,6
UnitJo00,1970,37715,280,4777,2616,6,5,10,6
UnitJo00,1971,38657,283,4953,2708,8,6,10,6
UnitJo00,1972,39768,287,5110,2796,8,6,10,6
UnitJo00,1973,40239,290,5186,2830,8,6,10,6
VanBNo00,1950,2061,18,233,127,1,1,1,2
VanBNo00,1951,3786,31,427,227,1,1,2,2
VanBNo00,1952,5522,45,632,340,2,1,3,2
VanBNo00,1953,7915,64,918,496,2,1,4,2
VanBNo00,1954,10552,77,1178,635,2,1,5,2
VanBNo00,1955,12442,85,1450,779,3,1,6,2
VanBNo00,1956,13408,92,1574,847,3,1,6,2
VanBNo00,1957,15513,112,1839,979,3,1,6,2
VanBNo00,1958,17922,127,2213,1177,3,1,7,2
VanBNo00,1959,20539,143,2553,1368,3,1,8,2
VanBNo00,1960,23010,167,2837,1521,4,2,9,2
VickMi00,2001,785,2,113,50,0,0,0,2
VickMi00,2002,3721,18,534,281,2,1,1,2
VickMi00,2003,4306,22,634,331,2,1,1,2
VickMi00,2004,6619,36,955,512,4,2,2,2
VickMi00,2005,9031,51,1342,726,4,2,3,2
VickMi00,2006,11505,71,1730,930,4,2,3,2
VickMi00,2007,11505,71,1730,930,4,2,3,2
VickMi00,2008,11505,71,1730,930,4,2,3,2
VickMi00,2009,11591,72,1743,936,4,2,3,2
VickMi00,2010,14609,93,2115,1169,5,2,4,2
VickMi00,2011,17912,111,2538,1422,5,2,4,2
VickMi00,2012,20274,123,2889,1626,5,2,4,2
VickMi00,2013,21489,128,3030,1703,5,2,4,2
VickMi00,2014,22093,131,3151,1767,5,2,4,2
VickMi00,2015,22464,133,3217,1807,5,2,4,2
WadeBi00,1954,509,2,59,31,0,0,0,1
WadeBi00,1955,825,3,130,62,0,0,0,1
WadeBi00,1956,2286,13,308,153,0,0,0,1
WadeBi00,1957,2402,14,332,163,0,0,0,1
WadeBi00,1958,5277,32,673,344,0,0,1,1
WadeBi00,1959,7278,44,934,497,0,0,1,1
WadeBi00,1960,8572,56,1116,603,0,0,1,1
WadeBi00,1961,10830,78,1366,742,0,0,1,1
WadeBi00,1962,14002,96,1778,967,0,0,1,1
WadeBi00,1963,16303,111,2134,1159,1,1,2,1
WadeBi00,1964,18247,124,2461,1341,1,1,2,1
WadeBi00,1965,18451,124,2502,1361,1,1,2,1
WadeBi00,1966,18530,124,2523,1370,1,1,2,1
WalsSt00,1989,1371,5,219,110,0,0,0,1
WalsSt00,1990,3381,17,555,289,1,0,0,1
WalsSt00,1991,5019,28,810,430,1,0,0,1
WalsSt00,1992,5019,28,810,430,1,0,0,1
WalsSt00,1993,5290,30,848,450,1,0,0,1
WalsSt00,1994,7368,40,1191,658,3,1,0,1
WalsSt00,1995,7368,40,1191,658,3,1,0,1
WalsSt00,1996,7712,40,1268,691,3,1,0,1
WalsSt00,1997,7770,40,1285,697,3,1,0,1
WalsSt00,1998,7828,40,1304,706,3,1,0,1
WalsSt00,1999,7875,40,1317,713,3,1,0,1
WarnKu00,1998,39,0,11,4,0,0,0,9
WarnKu00,1999,4392,41,510,329,3,3,1,9
WarnKu00,2000,7821,62,857,564,4,3,2,9
WarnKu00,2001,12651,98,1403,939,7,5,3,9
WarnKu00,2002,14082,101,1623,1083,7,5,3,9
WarnKu00,2003,14447,102,1688,1121,7,5,3,9
WarnKu00,2004,16501,108,1965,1295,7,5,3,9
WarnKu00,2005,19214,119,2340,1537,7,5,3,9
WarnKu00,2006,20591,125,2508,1645,7,5,3,9
WarnKu00,2007,24008,152,2959,1926,7,5,3,9
WarnKu00,2008,28591,182,3557,2327,11,8,4,9
WarnKu00,2009,32344,208,4070,2666,13,9,4,9
WatsDe00,2017,1699,19,204,126,0,0,0,1
WatsDe00,2018,5864,45,709,471,1,0,1,1
WatsDe00,2019,9716,71,1204,804,3,1,2,1
WatsDe00,2020,14539,104,1748,1186,3,1,3,1
WhitDa01,1976,213,2,20,13,0,0,0,5
WhitDa01,1977,248,2,30,17,0,0,0,5
WhitDa01,1978,463,2,64,37,0,0,0,5
WhitDa01,1979,730,3,103,56,0,0,0,5
WhitDa01,1980,4017,31,539,316,3,2,0,5
WhitDa01,1981,7115,53,930,539,5,3,0,5
WhitDa01,1982,9194,69,1177,695,8,5,1,5
WhitDa01,1983,13174,98,1710,1029,9,5,1,5
WhitDa01,1984,14754,109,1943,1155,9,5,1,5
WhitDa01,1985,17911,130,2393,1422,10,5,1,5
WhitDa01,1986,19068,142,2546,1517,10,5,1,5
WhitDa01,1987,21685,154,2908,1732,10,5,1,5
WhitDa01,1988,21959,155,2950,1761,10,5,1,5
WillDo01,1978,1170,7,194,73,0,0,0,4
WillDo01,1979,3618,25,591,239,2,1,0,4
WillDo01,1980,7014,45,1112,493,2,1,0,4
WillDo01,1981,10577,64,1583,731,3,1,0,4
WillDo01,1982,12648,73,1890,895,4,1,0,4
WillDo01,1983,12648,73,1890,895,4,1,0,4
WillDo01,1984,12648,73,1890,895,4,1,0,4
WillDo01,1985,12648,73,1890,895,4,1,0,4
WillDo01,1986,12648,73,1891,895,4,1,0,4
WillDo01,1987,13804,84,2034,976,7,4,0,4
WillDo01,1988,16413,99,2414,1189,7,4,0,4
WillDo01,1989,16998,100,2507,1240,7,4,0,4
WilsRu00,2012,3118,26,393,252,2,1,1,9
WilsRu00,2013,6475,52,800,509,5,4,2,9
WilsRu00,2014,9950,72,1252,794,8,6,3,9
WilsRu00,2015,13974,106,1735,1123,10,7,4,9
WilsRu00,2016,18193,127,2281,1476,12,8,4,9
WilsRu00,2017,22176,161,2834,1815,12,8,5,9
WilsRu00,2018,25624,196,3261,2095,13,8,6,9
WilsRu00,2019,29734,227,3777,2436,15,9,7,9
WilsRu00,2020,33946,267,4335,2820,16,9,8,9
WilsRu00,2021,37059,292,4735,3079,16,9,9,9
WilsWa00,1981,48,0,13,6,0,0,0,2
WilsWa00,1982,48,0,13,6,0,0,0,2
WilsWa00,1983,172,1,41,22,0,0,0,2
WilsWa00,1984,1191,6,236,124,0,0,0,2
WilsWa00,1985,1595,9,296,157,0,0,0,2
WilsWa00,1986,2760,16,439,237,0,0,0,2
WilsWa00,1987,4866,30,703,377,2,1,0,2
WilsWa00,1988,7612,45,1035,581,4,2,1,2
WilsWa00,1989,10155,54,1397,775,5,2,1,2
WilsWa00,1990,11310,63,1543,857,5,2,1,2
WilsWa00,1991,12135,66,1665,929,5,2,1,2
WilsWa00,1992,13501,79,1828,1040,5,2,1,2
WilsWa00,1993,15958,91,2216,1261,5,2,1,2
WilsWa00,1994,16130,91,2244,1281,5,2,1,2
WilsWa00,1995,16521,92,2301,1319,5,2,1,2
WilsWa00,1996,16600,92,2319,1327,5,2,1,2
WilsWa00,1997,16715,92,2340,1339,5,2,1,2
WilsWa00,1998,17283,99,2428,1391,5,2,1,2
WoodDa00,1980,1850,14,327,176,0,0,0,3
WoodDa00,1981,4320,26,693,367,1,0,0,3
WoodDa00,1982,5400,31,872,465,5,3,0,3
WoodDa00,1983,5928,34,961,508,5,3,0,3
WoodDa00,1984,7201,42,1117,593,5,3,0,3
WoodDa00,1985,8558,48,1300,687,5,3,0,3
YounSt00,1985,935,3,138,72,0,0,0,8
YounSt00,1986,3217,11,501,267,0,0,0,8
YounSt00,1987,3787,21,570,304,0,0,0,8
YounSt00,1988,4467,24,671,358,0,0,0,8
YounSt00,1989,5468,32,763,422,0,0,0,8
YounSt00,1990,5895,34,825,460,0,0,0,8
YounSt00,1991,8412,51,1104,640,0,0,0,8
YounSt00,1992,11877,76,1506,908,2,1,1,8
YounSt00,1993,15900,105,1968,1222,4,2,2,8
YounSt00,1994,19869,140,2429,1546,7,5,3,8
YounSt00,1995,23069,160,2876,1845,8,5,4,8
YounSt00,1996,25479,174,3192,2059,10,6,5,8
YounSt00,1997,28508,193,3548,2300,12,7,6,8
YounSt00,1998,32678,229,4065,2622,14,8,7,8
YounSt00,1999,33124,232,4149,2667,14,8,7,8